date,residual
2008-08-08,-0.023266474844701665
2008-08-11,-0.002417934198563368
2008-08-12,0.009153701671538388
2008-08-13,0.01001915941284706
2008-08-14,-0.004748704697591799
2008-08-15,-0.005519503774591834
2008-08-18,0.009055610205926216
2008-08-19,0.005764662023490215
2008-08-20,-0.01076626979648046
2008-08-21,-0.0008484627494696742
2008-08-22,-0.02103202999672136
2008-08-25,0.014661268454934791
2008-08-26,-0.004145053263903195
2008-08-27,-0.003616326910555188
2008-08-28,-0.016117898247937315
2008-08-29,0.016445245572283045
2008-09-02,0.0003145130329735542
2008-09-03,-0.006762311832355549
2008-09-04,0.022440085970147947
2008-09-05,-0.0006118123519482173
2008-09-08,-0.026000838408652666
2008-09-09,0.01786595348249128
2008-09-10,-0.007846392105501624
2008-09-11,-0.016420155964673562
2008-09-12,-0.009506797274862318
2008-09-15,0.032472174287234465
2008-09-16,-0.025412388697299237
2008-09-17,0.033352866084851114
2008-09-18,-0.036295946311809955
2008-09-19,-0.03408724858146368
2008-09-22,0.029302834751299574
2008-09-23,0.010594761943164636
2008-09-24,0.0020020532922485745
2008-09-25,-0.017254722859433892
2008-09-26,-0.015404072795968275
2008-09-29,0.0675762313662856
2008-09-30,-0.048502718520633425
2008-10-01,-0.002304883960385815
2008-10-02,0.02841633198414385
2008-10-03,0.005836235855176293
2008-10-06,0.026896131001807214
2008-10-07,0.04036652487335873
2008-10-08,0.009812403060714856
2008-10-09,0.06469608449401323
2008-10-10,0.01220515287100943
2008-10-13,-0.11109068611269572
2008-10-14,0.006003411699715557
2008-10-15,0.07708498353166615
2008-10-16,-0.0468477385508999
2008-10-17,0.014845702982697767
2008-10-20,-0.04705524995066315
2008-10-21,0.022878595261677296
2008-10-22,0.05501982031452246
2008-10-23,-0.022544978246067812
2008-10-24,0.03318321630229184
2008-10-27,0.02379673145187393
2008-10-28,-0.10661928652329607
2008-10-29,0.011224153849771
2008-10-30,-0.01566620201871175
2008-10-31,-0.009425198972215889
2008-11-03,0.009453710029235972
2008-11-04,-0.02847067039307378
2008-11-05,0.049006007163863795
2008-11-06,0.04735211881038328
2008-11-07,-0.02634573338126455
2008-11-10,0.007674166251787819
2008-11-11,0.011014244909956
2008-11-12,0.04337408093828913
2008-11-13,-0.0691027856170603
2008-11-14,0.03318074803188441
2008-11-17,0.02168365625456681
2008-11-18,-0.02407645619583986
2008-11-19,0.043041001446125285
2008-11-20,0.050308068111099905
2008-11-21,-0.06579008023792231
2008-11-24,-0.04858312989566877
2008-11-25,-0.002081668065084835
2008-11-26,-0.02477253368852876
2008-11-28,-0.01116986949683055
2008-12-01,0.07760268616281193
2008-12-02,-0.029924698713734613
2008-12-03,-0.017806612405166074
2008-12-04,0.028271523215307598
2008-12-05,-0.020172289314592584
2008-12-08,-0.02531918044293814
2008-12-09,0.030237388116569792
2008-12-10,-0.00781095551840068
2008-12-11,0.021386608616969893
2008-12-12,-0.007935622320818871
2008-12-15,0.011279965372893622
2008-12-16,-0.038178534088672826
2008-12-17,0.011633381494545418
2008-12-18,0.024410399779202837
2008-12-19,-0.001728658811952782
2008-12-22,0.0015935237472802996
2008-12-23,0.007805845422247767
2008-12-24,-0.008190369811904318
2008-12-26,-0.00871669238842953
2008-12-29,0.004794325243383706
2008-12-30,-0.016361024818949618
2008-12-31,-0.008069820744424224
2009-01-02,-0.026053691351799784
2009-01-05,0.012055214057535676
2009-01-06,-0.007567743865833054
2009-01-07,0.024012861955403718
2009-01-08,-0.0016759176123063695
2009-01-09,0.008093232342204647
2009-01-12,0.005462724948345701
2009-01-13,-0.005452073479153134
2009-01-14,0.02064823384183088
2009-01-15,-0.007464862178977733
2009-01-16,-0.015964737900287886
2009-01-20,0.035144052090567465
2009-01-21,-0.0397069675505003
2009-01-22,0.008660584161169294
2009-01-23,0.0033520949093815704
2009-01-26,-0.0059057242045749475
2009-01-27,-0.0060046327304523
2009-01-28,-0.024280904841641717
2009-01-29,0.025605326369481245
2009-01-30,0.016703469101134436
2009-02-02,0.00824428689895658
2009-02-03,-0.01769931133388738
2009-02-04,0.015450962649994725
2009-02-05,-0.007514926509664035
2009-02-06,-0.01891972285346969
2009-02-09,0.00039670342313582845
2009-02-10,0.0427455255280246
2009-02-11,-0.01073060992888294
2009-02-12,-0.004027922205648304
2009-02-13,-0.0005979641669125041
2009-02-17,0.027732908748352218
2009-02-18,-0.008426076014749035
2009-02-19,0.0039802463489116875
2009-02-20,0.006295200899675836
2009-02-23,0.02992462396775756
2009-02-24,-0.03586642931297599
2009-02-25,0.00907318236784736
2009-02-26,0.010108926483983469
2009-02-27,0.01112153022125832
2009-03-02,0.037635928524637666
2009-03-03,0.0026282094365231595
2009-03-04,-0.025529557449636604
2009-03-05,0.03829945293746996
2009-03-06,-0.007123261930826822
2009-03-09,0.012242644238330139
2009-03-10,-0.05622446628795273
2009-03-11,0.0027199974237735267
2009-03-12,-0.030057011604706835
2009-03-13,-0.0011356644503704785
2009-03-16,0.008266907841523534
2009-03-17,-0.015668886442332046
2009-03-18,-0.0032408202223279635
2009-03-19,0.012695862021767704
2009-03-20,0.020569914070294786
2009-03-23,-0.06410738611784249
2009-03-24,0.018284965690778893
2009-03-25,-0.007885906557012556
2009-03-26,-0.020186599289372817
2009-03-27,0.018374477309386628
2009-03-30,0.032707323341583404
2009-03-31,-0.011038726004599505
2009-04-01,-0.01852741423478947
2009-04-02,-0.026150427793997313
2009-04-03,-0.003601012024608035
2009-04-06,0.005130958223214537
2009-04-07,0.02317632832538334
2009-04-08,-0.004868093099530599
2009-04-09,-0.029858136223055873
2009-04-13,0.0031773978718552614
2009-04-14,0.017290113956104972
2009-04-15,-0.012366322706475422
2009-04-16,-0.009528669136366952
2009-04-17,-0.003445462514651372
2009-04-20,0.032244336918915734
2009-04-21,-0.018168403678739987
2009-04-22,0.007749839438397094
2009-04-23,-0.006717251118020642
2009-04-24,-0.013266279939776032
2009-04-27,0.006907476147126734
2009-04-28,0.0052986685972687495
2009-04-29,-0.015467731676598229
2009-04-30,0.006104092445050101
2009-05-01,0.002982326579890589
2009-05-04,-0.018741590526493525
2009-05-05,0.008551222298653467
2009-05-06,-0.008192149118545086
2009-05-07,0.017436933605427543
2009-05-08,-0.016537124101809703
2009-05-11,0.02026654312564625
2009-05-12,-0.0064861743802934625
2009-05-13,0.020964504665738896
2009-05-14,-0.006993843093438328
2009-05-15,0.00865035953617042
2009-05-18,-0.026164438954800154
2009-05-19,0.0029339455110547583
2009-05-20,0.0011408900103661006
2009-05-21,0.010275908701455332
2009-05-22,-0.0002966637006477637
2009-05-26,-0.027740584930184435
2009-05-27,0.016129942282898133
2009-05-28,-0.011380907363591491
2009-05-29,-0.002876571323417924
2009-06-01,-0.01655589393043668
2009-06-02,0.004764764860348918
2009-06-03,0.01455792329666732
2009-06-04,-0.002521968806457619
2009-06-05,0.0027040772266596555
2009-06-08,0.0035928530412868464
2009-06-09,0.002611005281567155
2009-06-10,0.004603092399984384
2009-06-11,-0.002682381883669269
2009-06-12,-0.00491599006934752
2009-06-15,0.01683855825850368
2009-06-16,0.007145964020026914
2009-06-17,-0.003556924912851693
2009-06-18,-0.011332574698175961
2009-06-19,-0.006663592649513666
2009-06-22,0.013182823580986106
2009-06-23,-0.007622349194846835
2009-06-24,-0.004624894438137253
2009-06-25,-0.023355224360437816
2009-06-26,0.003583200528929315
2009-06-29,-0.011618440176618627
2009-06-30,0.010386472723511796
2009-07-01,-0.00997587027534841
2009-07-02,0.022866466203730895
2009-07-06,-0.009657361074670329
2009-07-07,0.014937351939603556
2009-07-08,-0.004561750104520208
2009-07-09,-0.003729737350129121
2009-07-10,0.005230911413040439
2009-07-13,-0.01953876378987492
2009-07-14,0.006701732735318494
2009-07-15,-0.023574396152543836
2009-07-16,-0.0038049921666088917
2009-07-17,0.004595474825244665
2009-07-20,-0.004600269522666456
2009-07-21,-0.0020381972801047886
2009-07-22,0.00974262717333437
2009-07-23,-0.016285737375616702
2009-07-24,0.000939528573005899
2009-07-27,0.0005059706936457512
2009-07-28,0.0027212792519221976
2009-07-29,0.004271387435821315
2009-07-30,-0.00800808813812654
2009-07-31,-0.0008043434013636974
2009-08-03,-0.01159321612669761
2009-08-04,-0.0031684472365982345
2009-08-05,0.00425523115106026
2009-08-06,0.003585727395216164
2009-08-07,-0.011473583329049632
2009-08-10,0.0032596343838762615
2009-08-11,0.011709899561769944
2009-08-12,-0.010903325615200106
2009-08-13,-0.0030313784332776203
2009-08-14,0.0052921606313244725
2009-08-17,0.017145693602547054
2009-08-18,-0.010284526674719154
2009-08-19,-0.00413563974277864
2009-08-20,-0.0027012478140949108
2009-08-21,-0.009741367260864109
2009-08-24,0.005994455410543095
2009-08-25,0.001573812647470735
2009-08-26,0.003728031250763337
2009-08-27,0.0006760815739824087
2009-08-28,0.005387002186604398
2009-08-31,0.002748858569393079
2009-09-01,0.013768468429920359
2009-09-02,-0.0016097102492274012
2009-09-03,-0.00827110893316194
2009-09-04,-0.008876445549643865
2009-09-08,-0.0029944118318592436
2009-09-09,-0.0035768207777325204
2009-09-10,-0.0070167320222828955
2009-09-11,0.002944523331937399
2009-09-14,-0.0003560205872329865
2009-09-15,-0.0007775342066979173
2009-09-16,-0.005532237601194517
2009-09-17,0.008368754522558948
2009-09-18,0.0011457052503605417
2009-09-21,0.00928684728811593
2009-09-22,-0.0026347450438569614
2009-09-23,0.00834259928629077
2009-09-24,0.0029295492507020247
2009-09-25,0.0050213961392658645
2009-09-28,-0.012053224739348816
2009-09-29,0.0034493415220242488
2009-09-30,-0.0026694432447409086
2009-10-01,0.011293348537262484
2009-10-02,-0.004389742227955995
2009-10-05,-0.009662256773955283
2009-10-06,-0.0112444260624496
2009-10-07,0.0063274013245739735
2009-10-08,0.0014795063654645477
2009-10-09,-0.002168220708951415
2009-10-12,0.0017061204078745586
2009-10-13,0.00883979080607045
2009-10-14,-0.006523140734251183
2009-10-15,0.0009890179067490405
2009-10-16,0.012553982403200206
2009-10-19,-0.005576545108782806
2009-10-20,0.006623573566429807
2009-10-21,0.011044388235075434
2009-10-22,-0.012464394912616358
2009-10-23,0.009625655397642015
2009-10-26,0.008214634715096043
2009-10-27,-0.005893869519701117
2009-10-28,0.009910700026228812
2009-10-29,-0.02704108942889899
2009-10-30,0.017583748132042054
2009-11-02,-0.01619139765910685
2009-11-03,-0.003340143446331
2009-11-04,-0.00015374067697798872
2009-11-05,-0.015345197107214643
2009-11-06,0.005363432701996228
2009-11-09,-0.011975304914207497
2009-11-10,0.0062154785534730035
2009-11-11,0.0008667159612354555
2009-11-12,0.014152836814770559
2009-11-13,-0.0012191647707591059
2009-11-16,-0.00818928047633443
2009-11-17,0.0008306481128672947
2009-11-18,0.0028993885386662237
2009-11-19,0.01004302956057441
2009-11-20,0.0026525187615114776
2009-11-23,-0.012006851282352024
2009-11-24,0.003019800922874299
2009-11-25,-0.003917178061219431
2009-11-27,0.01359329885020287
2009-11-30,-0.0036100402297169756
2009-12-01,-0.011874617258747996
2009-12-02,0.0007308486134130839
2009-12-03,0.0065454183537879
2009-12-04,-0.004417368793694481
2009-12-07,-0.007970250926990264
2009-12-08,0.0022699687622113034
2009-12-09,-0.006624996191394646
2009-12-10,-0.004391588570548541
2009-12-11,-0.0004838149771506702
2009-12-14,0.0012305400831212048
2009-12-15,0.008493500365310795
2009-12-16,-0.0034413464557466397
2009-12-17,0.006184602271098313
2009-12-18,-0.0026529771848924637
2009-12-21,-0.0045526628494900615
2009-12-22,-0.0004620030291205227
2009-12-23,0.0021115110265129138
2009-12-24,-0.001700058766801178
2009-12-28,0.0027086349248976295
2009-12-29,0.003155176619313461
2009-12-30,-0.0015363003673268586
2009-12-31,0.013284079955636345
2010-01-04,-0.012394970040684159
2010-01-05,0.003917794035787545
2010-01-06,0.0014297044395334435
2010-01-07,-0.001031600100558412
2010-01-08,0.004028265690523773
2010-01-11,-0.0014723074996879854
2010-01-12,0.007292898904416421
2010-01-13,-0.0007931841413512091
2010-01-14,-0.002510115216586282
2010-01-15,0.011548847259579725
2010-01-19,-0.012760967245232164
2010-01-20,-0.0001740533401439117
2010-01-21,0.002178921565013283
2010-01-22,0.0054066009745525855
2010-01-25,-0.013799720038727054
2010-01-26,-0.00861322149205305
2010-01-27,-0.012052178399706978
2010-01-28,0.004652430144769397
2010-01-29,0.0005212911271548874
2010-02-01,-0.013605595700665322
2010-02-02,-0.01219915136926428
2010-02-03,-0.0005330250751766712
2010-02-04,0.021863083115606842
2010-02-05,-0.004633657948960403
2010-02-08,0.008734001931711727
2010-02-09,-0.01658507496478698
2010-02-10,0.0021264614561897943
2010-02-11,-0.010577470195036104
2010-02-12,0.008615495490091888
2010-02-16,-0.009038302489058517
2010-02-17,0.007129421023874873
2010-02-18,0.004242296991170583
2010-02-19,0.004094162965489872
2010-02-22,0.0037715429765220227
2010-02-23,0.012296897231322816
2010-02-24,-0.008427252804270344
2010-02-25,0.006241334591545649
2010-02-26,0.0023434826059237327
2010-03-01,-0.0065002433303487945
2010-03-02,0.00016731023314369548
2010-03-03,0.001369979690243605
2010-03-04,-0.0025554784834775734
2010-03-05,-0.009151012765205262
2010-03-08,0.0039021580364963834
2010-03-09,0.0012590037522435737
2010-03-10,0.002466962075338055
2010-03-11,-0.0012026742297860287
2010-03-12,0.0011636769980366704
2010-03-15,0.0009874968953046143
2010-03-16,0.0004955915649949398
2010-03-17,-0.00020481138066023342
2010-03-18,-0.0014572277089731928
2010-03-19,0.005995073499565257
2010-03-22,-0.00012916630389765184
2010-03-23,-0.006517165151617418
2010-03-24,0.007304324433894117
2010-03-25,0.0010796493181622138
2010-03-26,0.0011665265960756994
2010-03-29,-0.0018235625372715275
2010-03-30,-0.00010278294826235193
2010-03-31,0.005435408839034437
2010-04-01,-0.004643752324668655
2010-04-05,-0.0021635355564955695
2010-04-06,0.00012820385625988084
2010-04-07,0.006449536266205623
2010-04-08,-0.0015060232772725586
2010-04-09,-0.0035791852552843942
2010-04-12,0.0013430940157061746
2010-04-13,0.004794466889459148
2010-04-14,-0.0028361769461653537
2010-04-15,-0.00018632683951389927
2010-04-16,0.012780392016677756
2010-04-19,-0.0026050025634682464
2010-04-20,0.0012122365254261806
2010-04-21,0.0019204984031512698
2010-04-22,0.002345913227134616
2010-04-23,-0.0024653355949061555
2010-04-26,-0.0027744545089602416
2010-04-27,0.01468271243782647
2010-04-28,-0.004075992517006056
2010-04-29,-0.01309096686733911
2010-04-30,0.014584280786275196
2010-05-03,-0.02065581371381476
2010-05-04,0.010041032116752599
2010-05-05,-0.018740395701525726
2010-05-06,0.01572036814414148
2010-05-07,0.0071720298984704715
2010-05-10,-0.04174800337975337
2010-05-11,0.002881980065887474
2010-05-12,-0.014419421393829259
2010-05-13,0.007017714367630207
2010-05-14,0.011274886943823432
2010-05-17,-0.0035680729935894987
2010-05-18,0.00635479301347488
2010-05-19,-0.00028550058532269065
2010-05-20,0.02972636384625859
2010-05-21,-0.017473119111130454
2010-05-24,0.008943514465968867
2010-05-25,-0.00013584984701955688
2010-05-26,0.006763621338131825
2010-05-27,-0.028123990086732345
2010-05-28,0.011476693882733334
2010-06-01,0.012039407606935029
2010-06-02,-0.020384032585365388
2010-06-03,-0.00332946192995521
2010-06-04,0.02738940840877777
2010-06-07,0.00993852750080353
2010-06-08,-0.013039292130280237
2010-06-09,0.006275939820338912
2010-06-10,-0.023138013202532143
2010-06-11,0.0028718416254805944
2010-06-14,0.011704597419183855
2010-06-15,-0.008578601613044726
2010-06-16,0.012167671849155633
2010-06-17,0.0037830908440890845
2010-06-18,0.0037061679734315
2010-06-21,0.0023666155894766696
2010-06-22,0.014082573184463638
2010-06-23,-0.003470413541424485
2010-06-24,0.009965445766186132
2010-06-25,-0.0029343213295380632
2010-06-28,-0.008347252073260017
2010-06-29,0.018988575389561654
2010-06-30,0.002081252820201624
2010-07-01,-0.002352968540405011
2010-07-02,-0.00016710523683522403
2010-07-06,-0.007609273743129979
2010-07-07,-0.026797584180060233
2010-07-08,-0.00925442054199356
2010-07-09,-0.002565118806883351
2010-07-12,0.004053258049828151
2010-07-13,-0.007939763665143451
2010-07-14,0.005703922289067595
2010-07-15,0.004334055974763787
2010-07-16,0.028593007149805512
2010-07-19,-0.001224554870477853
2010-07-20,-0.0030758010907026775
2010-07-21,0.013440464372723705
2010-07-22,-0.01742516002003684
2010-07-23,-0.006177709802274228
2010-07-26,-0.006138994604398675
2010-07-27,0.00123060433792476
2010-07-28,0.004674517152818102
2010-07-29,0.002707822462421253
2010-07-30,0.00261981416391988
2010-08-02,-0.0169122812924439
2010-08-03,0.006306573401817541
2010-08-04,-0.0007245126199142424
2010-08-05,0.0024000665407400363
2010-08-06,0.004352937729325466
2010-08-09,-0.003617946832620066
2010-08-10,0.0015578702696971152
2010-08-11,0.01800683688769135
2010-08-12,-0.0014728761481197505
2010-08-13,-0.0067047293533982685
2010-08-16,-0.005442434105515174
2010-08-17,-0.015672206311798432
2010-08-18,-0.010039699773207983
2010-08-19,0.006719474140897923
2010-08-20,6.595381681335881e-05
2010-08-23,-0.003692677025662774
2010-08-24,0.006706685173129282
2010-08-25,-0.007219904655731408
2010-08-26,0.0047838754244134574
2010-08-27,-0.018885640615958307
2010-08-30,0.011213819970125253
2010-08-31,0.0008541663733290198
2010-09-01,-0.021156880568614672
2010-09-02,0.0025192017586137174
2010-09-03,-0.004977249834345734
2010-09-07,0.018451734515167587
2010-09-08,0.004965059347007908
2010-09-09,0.005657546837631665
2010-09-10,-0.0005348803857118077
2010-09-13,-0.0044605950016643105
2010-09-14,0.004854554304407275
2010-09-15,-0.001598593396966704
2010-09-16,0.0004169248747279996
2010-09-17,0.0021976863993802736
2010-09-20,-0.010339140139736478
2010-09-21,0.001926034356210039
2010-09-22,0.003167575119761849
2010-09-23,0.009020508496299649
2010-09-24,-0.01676948582343686
2010-09-27,0.005875997041732096
2010-09-28,-0.00291076349655357
2010-09-29,0.002453625644855218
2010-09-30,0.004491660134455127
2010-10-01,-0.005107089441839092
2010-10-04,0.0081020114541916
2010-10-05,-0.015634588805757636
2010-10-06,-0.0003277780998198424
2010-10-07,0.004589764752628967
2010-10-08,-0.0020564120862780885
2010-10-11,0.0018745562707935376
2010-10-12,0.0038756328962960144
2010-10-13,-0.0036156793878047546
2010-10-14,0.002651766089746813
2010-10-15,0.005388408417060049
2010-10-18,-0.008257908506548216
2010-10-19,0.015871832834667143
2010-10-20,-0.009672133996167235
2010-10-21,-0.001973577001328718
2010-10-22,0.004546505031469522
2010-10-25,-0.0012060970450916146
2010-10-26,-0.0007556457754237858
2010-10-27,0.0038166933220861064
2010-10-28,0.0005991651363566135
2010-10-29,0.0009164875840643317
2010-11-01,0.0030524597423218455
2010-11-02,-0.0019087229265122275
2010-11-03,0.009792709163979592
2010-11-04,-0.007304245712819072
2010-11-05,0.006792525867158986
2010-11-08,0.007056555795171093
2010-11-09,0.007764412856876066
2010-11-10,-0.0006898100862949266
2010-11-11,0.0037008385354870654
2010-11-12,0.005916681135294303
2010-11-15,-0.009706577557083273
2010-11-16,0.005531739412144767
2010-11-17,-0.0002795935563058589
2010-11-18,-0.015517445756192697
2010-11-19,-0.00282379848397266
2010-11-22,-0.0013415297678732343
2010-11-23,0.01204051827064776
2010-11-24,-0.015292126072684747
2010-11-26,0.005165833981292346
2010-11-29,0.0003018711872092212
2010-11-30,0.007696458464231521
2010-12-01,-0.014012089759089451
2010-12-02,0.0004444512550074234
2010-12-03,0.008770845442955656
2010-12-06,0.006243378665539681
2010-12-07,0.003939727086718544
2010-12-08,0.002737986728928857
2010-12-09,0.004496845005266221
2010-12-10,-7.055851083216875e-05
2010-12-13,0.001654760413834346
2010-12-14,-0.001850185832527705
2010-12-15,0.0037371859513900176
2010-12-16,-0.001803541167091195
2010-12-17,0.002172319090568124
2010-12-20,0.0023461276972856094
2010-12-21,-0.0031000413588320444
2010-12-22,-0.0005330923052335682
2010-12-23,-0.00020409118299248076
2010-12-27,0.002535917863571364
2010-12-28,0.00022291510327842896
2010-12-29,0.00024226330833261762
2010-12-30,0.0022454965424609603
2010-12-31,0.0032296420439363966
2011-01-03,-0.003456355499002221
2011-01-04,0.002792735706463309
2011-01-05,0.0008954143815789661
2011-01-06,0.003909566109531972
2011-01-07,0.0015262920222616021
2011-01-10,0.004902448678595793
2011-01-11,0.0005319131256759022
2011-01-12,-0.004872243287981519
2011-01-13,0.004500158569805608
2011-01-14,0.00021228556070063132
2011-01-18,-0.00028783254488343266
2011-01-19,0.0034298356906407677
2011-01-20,0.004525870142110942
2011-01-21,0.0018472732357256109
2011-01-24,-0.004561447922818466
2011-01-25,0.005257974237690722
2011-01-26,0.003218061412397189
2011-01-27,-0.0009272843830444109
2011-01-28,0.012601876678986861
2011-01-31,-0.0028506526901944064
2011-02-01,-0.008959729224915898
2011-02-02,0.002293680073207215
2011-02-03,0.0007991427710733693
2011-02-04,0.0013317581125595053
2011-02-07,-0.0013449854941307267
2011-02-08,-0.0017897936804044763
2011-02-09,0.002347289440058938
2011-02-10,0.004019233904502718
2011-02-11,-0.000910903186419728
2011-02-14,0.002185384643037545
2011-02-15,0.00476795200538253
2011-02-16,-0.0036977208046894165
2011-02-17,0.0007818222568574066
2011-02-18,-0.005971652295017132
2011-02-22,0.010348335451476872
2011-02-23,0.0024153668789893418
2011-02-24,-0.0015444608097843725
2011-02-25,-0.007055032159070348
2011-02-28,-0.013262098349260206
2011-03-01,0.005573561008093577
2011-03-02,-0.0020045299240075186
2011-03-03,-0.019118857891583133
2011-03-04,0.0033775064953603597
2011-03-07,0.006203127333726691
2011-03-08,-0.008543066489709124
2011-03-09,-0.004792883316572467
2011-03-10,0.013585192267420165
2011-03-11,-0.010539407529393939
2011-03-14,-0.004554240611851652
2011-03-15,0.00016991286126886995
2011-03-16,0.013872177816604672
2011-03-17,-0.015590622773830384
2011-03-18,-0.004171215127279594
2011-03-21,-0.010922908145191444
2011-03-22,0.004622128699662716
2011-03-23,0.000506185644557653
2011-03-24,0.001096881362550279
2011-03-25,0.00419301649270174
2011-03-28,0.004619093476070263
2011-03-29,-0.002415074389312044
2011-03-30,-0.0019458216931273853
2011-03-31,0.005967836365570443
2011-04-01,-0.001444576235392121
2011-04-04,0.00020784845462400994
2011-04-05,0.002386319489680837
2011-04-06,-0.0017823350996091995
2011-04-07,0.001820515061983768
2011-04-08,0.0027691682689090233
2011-04-11,-0.0017043222980506222
2011-04-12,0.007322478853950683
2011-04-13,-0.0037455876718602284
2011-04-14,-0.0019050862805409575
2011-04-15,-0.010329228557351033
2011-04-18,0.006935859658791449
2011-04-19,-0.005700738485239735
2011-04-20,-0.01117761740892969
2011-04-21,0.0015348505442945165
2011-04-25,0.011081349130272746
2011-04-26,0.0027388627454761373
2011-04-27,0.003885291550666005
2011-04-28,0.00389695029207204
2011-04-29,0.0035949778593437117
2011-05-02,0.005353216108982227
2011-05-03,0.0028069609679436595
2011-05-04,0.006431702572480104
2011-05-05,0.011759998085422252
2011-05-06,-0.003370701779244367
2011-05-09,-0.0015558048599913815
2011-05-10,-0.0058776773299627815
2011-05-11,0.010142726275301304
2011-05-12,-0.006274135169807104
2011-05-13,0.005344793070397973
2011-05-16,-0.003022221231592296
2011-05-17,9.054434999556868e-06
2011-05-18,-0.009558930741589533
2011-05-19,-0.0060220848078262924
2011-05-20,0.0005396662155728715
2011-05-23,0.0039486820913105045
2011-05-24,-0.0022063720801858457
2011-05-25,-0.005912227562568432
2011-05-26,-0.0009109058615476694
2011-05-27,0.0001716956435807021
2011-05-31,-0.011374412098565235
2011-06-01,0.01753245787592029
2011-06-02,-0.0029115609558705395
2011-06-03,0.0018924894480532358
2011-06-06,0.0007521434008025234
2011-06-07,-0.0024933341919676014
2011-06-08,2.7419869673473308e-05
2011-06-09,-0.009232730733716629
2011-06-10,0.011596688448512586
2011-06-13,-0.0002715213116729401
2011-06-14,-0.012371137599696689
2011-06-15,0.013459340386889016
2011-06-16,-0.004772887121372269
2011-06-17,-0.0020885811512642927
2011-06-20,-0.003816781140432187
2011-06-21,-0.0067525674430951605
2011-06-22,0.0056398876992755885
2011-06-23,0.0032436027790371906
2011-06-24,0.010060429784238044
2011-06-27,-0.0028990672106477284
2011-06-28,-0.00019534687368506602
2011-06-29,0.004140998952277522
2011-06-30,0.00019901922518283065
2011-07-01,-0.004026031693867298
2011-07-05,0.007994949025943103
2011-07-06,0.0015956346298182534
2011-07-07,-0.003982008110029615
2011-07-08,0.005905253948820496
2011-07-11,0.011755026095526026
2011-07-12,0.004715344742123801
2011-07-13,-0.004367484129240642
2011-07-14,0.004350969370402486
2011-07-15,-0.0049140284385825505
2011-07-18,0.008685630289524748
2011-07-19,-0.0144250165341933
2011-07-20,0.005132366540166379
2011-07-21,-0.008006963135757546
2011-07-22,0.005584864682933362
2011-07-25,0.006610343020497144
2011-07-26,-0.0004536707700825565
2011-07-27,0.0045956016367931386
2011-07-28,-0.0053093556924791625
2011-07-29,0.0005900209230569834
2011-08-01,-0.007707345112675974
2011-08-02,0.014543804860908314
2011-08-03,-0.010922539756919805
2011-08-04,0.03297323053062057
2011-08-05,-0.015448995766372126
2011-08-08,0.0484412975880346
2011-08-09,-0.045608203906800315
2011-08-10,0.0430733777038982
2011-08-11,-0.04054699078800966
2011-08-12,-0.010878651228701996
2011-08-15,-0.01835530696087621
2011-08-16,0.007857605683804123
2011-08-17,-0.0010291712697638594
2011-08-18,0.03492928963446487
2011-08-19,0.01395931565165941
2011-08-22,-0.0037930010830186985
2011-08-23,-0.028246159866269518
2011-08-24,-0.011668853045878272
2011-08-25,0.015562744198234564
2011-08-26,-0.0065121938320696
2011-08-29,-0.014895513459839936
2011-08-30,0.007760163013068358
2011-08-31,0.0036419405761641006
2011-09-01,0.007218197475629171
2011-09-02,0.01466674612425346
2011-09-06,0.006131185586817739
2011-09-07,-0.026928451331852454
2011-09-08,0.0020063935694511065
2011-09-09,0.01842001079259558
2011-09-12,-0.012064201128161669
2011-09-13,-0.006645884112755077
2011-09-14,-0.011403432254334727
2011-09-15,-0.01326632988477192
2011-09-16,-0.005732309072293424
2011-09-19,0.011628203422713219
2011-09-20,-0.0014687826137240421
2011-09-21,0.016975027479928385
2011-09-22,0.027907017490382907
2011-09-23,-0.005569294605963287
2011-09-26,-0.022352736045315395
2011-09-27,-0.011773959101922539
2011-09-28,0.018523802532531157
2011-09-29,-0.01307624342964533
2011-09-30,0.013410834412989925
2011-10-03,0.01677077885894159
2011-10-04,-0.016691281731482745
2011-10-05,-0.01084690819397731
2011-10-06,-0.013508947869306405
2011-10-07,0.008707032724223502
2011-10-10,-0.021695376012335475
2011-10-11,0.005638805395999547
2011-10-12,-0.006045382517403528
2011-10-13,0.00796427388832617
2011-10-14,-0.012072064617972358
2011-10-17,0.02362764922069743
2011-10-18,-0.01344180646327761
2011-10-19,0.007765003355036613
2011-10-20,-7.059681149624263e-05
2011-10-21,-0.018805389204323647
2011-10-24,-0.006843637812264558
2011-10-25,0.019620957410975633
2011-10-26,-0.009466437781252694
2011-10-27,-0.02372235932615851
2011-10-28,0.0005259527371450044
2011-10-31,0.020656186923302292
2011-11-01,0.02352563187453958
2011-11-02,-0.013636780248485008
2011-11-03,-0.01639026289369961
2011-11-04,0.007100663455492684
2011-11-07,-0.002331863391944063
2011-11-08,-0.008073300893743585
2011-11-09,0.03186112320600736
2011-11-10,-0.005735181574038422
2011-11-11,-0.017847154518438726
2011-11-14,0.009742668583469491
2011-11-15,-0.0007006217922903023
2011-11-16,0.01083954604813502
2011-11-17,0.006602544765206747
2011-11-18,-0.007681922065682264
2011-11-21,0.014672580217918348
2011-11-22,-0.002802820083097483
2011-11-23,0.014769281208624557
2011-11-25,0.0005304395754270395
2011-11-28,-0.02505827850825308
2011-11-29,0.0018591970629181082
2011-11-30,-0.035526422365861066
2011-12-01,0.009624864385117372
2011-12-02,0.00814223040831414
2011-12-05,-0.004096303418717117
2011-12-06,-0.0018110417911399446
2011-12-07,-0.0033324997817059925
2011-12-08,0.017786519224245234
2011-12-09,-0.015128749810626176
2011-12-12,0.013389049660416175
2011-12-13,0.0035783225686305555
2011-12-14,0.009898808561889752
2011-12-15,-0.0048716315897018685
2011-12-16,-0.0019369618492624694
2011-12-19,0.009347303360361355
2011-12-20,-0.026469718845801828
2011-12-21,0.0032061141911522628
2011-12-22,-0.0030775245828409637
2011-12-23,-0.006833723944079607
2011-12-27,0.0006700174301693109
2011-12-28,0.013234129334709185
2011-12-29,-0.007523245726832602
2011-12-30,0.011094870853784656
2012-01-03,-0.009564964851196303
2012-01-04,0.0022544779189023114
2012-01-05,0.003461947046124865
2012-01-06,0.0074815226208009965
2012-01-09,-0.000151068257297778
2012-01-10,-0.004000212626874485
2012-01-11,0.00260010381429329
2012-01-12,-0.0012601208504901772
2012-01-13,0.005160993672801735
2012-01-17,-0.0029354457056549863
2012-01-18,-0.004250590331772005
2012-01-19,0.0023067170138610805
2012-01-20,-0.0021350744665890545
2012-01-23,0.004014598685248537
2012-01-24,0.005849419658784773
2012-01-25,-0.0033308588940749837
2012-01-26,0.002239423047338285
2012-01-27,0.004306916180164537
2012-01-30,-0.00023185905693490433
2012-01-31,0.002963639004565344
2012-02-01,-0.005321962287894689
2012-02-02,0.003105413573172909
2012-02-03,-0.008613125334744008
2012-02-06,0.004757009079004729
2012-02-07,0.0007590315499064609
2012-02-08,0.0026704675037412477
2012-02-09,-0.00047822778784622046
2012-02-10,0.008326314565141359
2012-02-13,-0.004804641175849914
2012-02-14,-0.0011863080010853528
2012-02-15,0.010561070344299489
2012-02-16,-0.0056721593350240705
2012-02-17,0.0004738212784626602
2012-02-21,0.0014828614896348264
2012-02-22,0.004892022432299963
2012-02-23,-0.0010421090266457753
2012-02-24,0.0011962504086414564
2012-02-27,0.00241745283513124
2012-02-28,-0.001178646077454105
2012-02-29,0.00482267012444297
2012-03-01,-0.0026092317437479634
2012-03-02,-0.0019000130836364913
2012-03-05,-0.005211085309072584
2012-03-06,0.009745832306204521
2012-03-07,-0.00694613758547146
2012-03-08,-0.003708992918746233
2012-03-09,0.0018822108753557536
2012-03-12,0.00736174290876806
2012-03-13,-0.002757173512546172
2012-03-14,0.01128926569327221
2012-03-15,0.005374775334164644
2012-03-16,0.008150165525037558
2012-03-19,0.0027066400043459097
2012-03-20,0.006738179114339492
2012-03-21,0.0022279690335131434
2012-03-22,0.004734302444124877
2012-03-23,0.0001539219142353684
2012-03-26,-0.00894602264093437
2012-03-27,0.0038864133859669815
2012-03-28,0.005107742758172502
2012-03-29,0.0008276669089323113
2012-03-30,-0.0051071271244800855
2012-04-02,-0.005531015000681521
2012-04-03,-0.0011626741616607063
2012-04-04,0.0007187835480863321
2012-04-05,-0.008630649441001186
2012-04-09,-0.006518582109543397
2012-04-10,0.004152016328069819
2012-04-11,-0.012800530262403353
2012-04-12,-0.01993932907751123
2012-04-13,0.0064180265287238965
2012-04-16,-0.004696958633896239
2012-04-17,-0.013736750090049328
2012-04-18,0.005099350171524178
2012-04-19,0.005935174164512009
2012-04-20,-0.007213450408336599
2012-04-23,0.008168799881601784
2012-04-24,-0.002278035233088913
2012-04-25,0.0007983554752657492
2012-04-26,0.0007514741685922307
2012-04-27,0.006864415338136039
2012-04-30,0.0052792519531417205
2012-05-01,-0.001579006643786884
2012-05-02,0.002931331059513771
2012-05-03,0.0023780229492058476
2012-05-04,0.007897443339483808
2012-05-07,-0.006094962704417527
2012-05-08,-0.005218418035484814
2012-05-09,0.0019117083284121445
2012-05-10,-0.007778481047160406
2012-05-11,-0.005602347682000032
2012-05-14,0.0019083820505924574
2012-05-15,-0.0016351645717169669
2012-05-16,-0.004863928025784541
2012-05-17,0.0052456222332857155
2012-05-18,0.001347998473889677
2012-05-21,-0.013663129505342991
2012-05-22,-0.002271414211555298
2012-05-23,-0.00035715346382426917
2012-05-24,-0.0033317014612979775
2012-05-25,0.006978101142042792
2012-05-29,-0.01000226017432454
2012-05-30,0.011525653812497642
2012-05-31,-0.0010486912277929273
2012-06-01,0.017425512249813244
2012-06-04,-0.0026095448993756955
2012-06-05,-0.001750099874302005
2012-06-06,-0.019485010234860423
2012-06-07,0.001819397768486844
2012-06-08,-0.0019438003653161236
2012-06-11,0.018411930340308674
2012-06-12,-0.006033139151102214
2012-06-13,0.016960187632643915
2012-06-14,-0.005202495755029729
2012-06-15,-0.0029434869946239686
2012-06-18,0.009136938038811288
2012-06-19,-0.002026981914308248
2012-06-20,0.0019477248033806674
2012-06-21,0.019448974464744848
2012-06-22,-0.007817154346351787
2012-06-25,0.008365073053713723
2012-06-26,-0.0030152843046439117
2012-06-27,-0.008970931064654054
2012-06-28,0.006004626513357146
2012-06-29,-0.01959023730540216
2012-07-02,0.004017640759907252
2012-07-03,-0.003500681045382527
2012-07-05,0.0023057134708136043
2012-07-06,0.006433403734024561
2012-07-09,-0.0014532868020287488
2012-07-10,-0.0011149937787587293
2012-07-11,-0.0028533105221492973
2012-07-12,0.0013092722662449074
2012-07-13,-0.01642550372264539
2012-07-16,0.004844027366869911
2012-07-17,-0.0012558235657814457
2012-07-18,-0.0041470098023479
2012-07-19,-0.0020050893573550672
2012-07-20,0.00466869544911536
2012-07-23,-6.521797172157409e-05
2012-07-24,0.0019438002419679603
2012-07-25,-0.0046738349994298965
2012-07-26,-0.011785096664717876
2012-07-27,-0.008144659279887704
2012-07-30,0.004058182328219097
2012-07-31,0.007501532359232745
2012-08-01,0.0014156194011389245
2012-08-02,0.009412561653576061
2012-08-03,-0.013505945177919629
2012-08-06,0.001378588993724378
2012-08-07,-0.0017241027428331977
2012-08-08,0.0011028422758996017
2012-08-09,0.003660148290257771
2012-08-10,-0.0009155937770810585
2012-08-13,0.0037739106176929776
2012-08-14,9.843105256656889e-05
2012-08-15,0.0013497802334459855
2012-08-16,-0.0051268735690765226
2012-08-17,-0.0009236645112097798
2012-08-20,7.862252967915772e-05
2012-08-21,0.0023723962723902025
2012-08-22,-0.004148831551858722
2012-08-23,0.004554520196195306
2012-08-24,-0.010838831883575518
2012-08-27,-0.0025259298026569423
2012-08-28,-0.003845945622727786
2012-08-29,-0.01407694223606263
2012-08-30,-0.0011234679485287863
2012-08-31,-0.014607119202090436
2012-09-04,-0.000730993996401556
2012-09-05,0.005394675989960121
2012-09-06,-0.0076460148360553495
2012-09-07,0.007894794956351679
2012-09-10,0.00915952028418601
2012-09-11,9.80727433245324e-05
2012-09-12,0.008115124465460744
2012-09-13,-0.005456032987143054
2012-09-14,0.0031011612875577466
2012-09-17,0.008592335901606489
2012-09-18,0.00432848353425554
2012-09-19,0.002959135301855719
2012-09-20,0.002630616737470056
2012-09-21,0.004049206796431102
2012-09-24,0.0030678860031652213
2012-09-25,0.007327502107896559
2012-09-26,0.0038766088308628665
2012-09-27,-0.005983884789859624
2012-09-28,0.005116649722084802
2012-10-01,-0.005270757349956523
2012-10-02,0.0027151185155649894
2012-10-03,0.0022592394178483927
2012-10-04,-0.0046836967528318275
2012-10-05,-0.0030895034549692875
2012-10-08,-0.0032337373700155377
2012-10-09,-0.006830698099314338
2012-10-10,-0.0051160847789659715
2012-10-11,-0.008424819502654834
2012-10-12,-0.005664581017323155
2012-10-15,-0.00562257629994967
2012-10-16,-0.006481078490020325
2012-10-17,0.004134646974207512
2012-10-18,-0.003549359748610516
2012-10-19,0.008627309273509423
2012-10-22,-0.010669804234776904
2012-10-23,0.008109812782121743
2012-10-24,-0.005032285703880883
2012-10-25,-0.007492583710341186
2012-10-26,-0.004044893534520873
2012-10-31,0.00017731773933608776
2012-11-01,-0.011581662249194841
2012-11-02,0.008755297248921448
2012-11-05,0.00023486350148657718
2012-11-06,-0.011922771944196081
2012-11-07,0.01929473125827253
2012-11-08,0.003071374119047534
2012-11-09,-0.005320875894066834
2012-11-12,-0.004280073096278942
2012-11-13,-0.001179249100203646
2012-11-14,0.008917669340873902
2012-11-15,-0.001333362222958503
2012-11-16,-0.003390311983625831
2012-11-19,-0.01528671435413081
2012-11-20,0.0029779911277458965
2012-11-21,0.0012024100047229357
2012-11-23,-0.01068520058810678
2012-11-26,0.005247210908875184
2012-11-27,0.009343462501522806
2012-11-28,-0.002908897694406753
2012-11-29,0.0033547489467523443
2012-11-30,0.005946153766288332
2012-12-03,0.0103797047283405
2012-12-04,0.009012022634212297
2012-12-05,0.002432213524063786
2012-12-06,0.0002597945485330387
2012-12-07,-0.0029426508691765855
2012-12-10,0.002911889443838871
2012-12-11,-0.002471292504910377
2012-12-12,0.00169112864005915
2012-12-13,0.005740479748938919
2012-12-14,0.00430043399855389
2012-12-17,-0.004534491222716884
2012-12-18,-0.007054614879065304
2012-12-19,0.009372964240882083
2012-12-20,-0.005108101108881323
2012-12-21,0.006535392203547787
2012-12-24,1.2942786421664063e-05
2012-12-26,-0.004762862196028098
2012-12-27,-0.0075043271469960714
2012-12-28,0.008506010620739265
2012-12-31,-0.007636451700630901
2013-01-02,-0.015952512974988214
2013-01-03,0.008934967729985845
2013-01-04,0.0019553470618296
2013-01-07,0.0063937238370058765
2013-01-08,0.008123152741080083
2013-01-09,-0.0003026567763271641
2013-01-10,-0.001765868486319328
2013-01-11,0.0026375366857741417
2013-01-14,0.002089006053289631
2013-01-15,0.0008386632888378832
2013-01-16,0.0053604750889461854
2013-01-17,-0.0026681423668698124
2013-01-18,-9.39104214094928e-05
2013-01-22,4.523716638943527e-05
2013-01-23,-1.2635056790808591e-05
2013-01-24,0.001218527152485124
2013-01-25,-0.0013414900247338008
2013-01-28,0.004428832494922128
2013-01-29,-0.0027878832274999907
2013-01-30,0.004381208777078397
2013-01-31,0.0054472647418980094
2013-02-01,-0.010206336961664182
2013-02-04,0.010209656171650231
2013-02-05,-0.006353111639646587
2013-02-06,-0.0004343100878793772
2013-02-07,0.0028200048983658714
2013-02-08,-0.004069458557837154
2013-02-11,0.0017846648869121987
2013-02-12,-0.003800040178109287
2013-02-13,0.0015667516498162211
2013-02-14,-7.935377065225197e-05
2013-02-15,0.0009223417376296138
2013-02-19,-0.0060068503042831276
2013-02-20,-0.002962697617513209
2013-02-21,0.0005932208346136844
2013-02-22,-0.017545532840474914
2013-02-25,0.005236750771050545
2013-02-26,-0.0024480790205647102
2013-02-27,-0.0014698373559104243
2013-02-28,0.00785223526658772
2013-03-01,0.006550940759901983
2013-03-04,0.01108579909640279
2013-03-05,0.0036756510727093666
2013-03-06,0.007199006116779193
2013-03-07,0.0063719338952900745
2013-03-08,0.002405936832066564
2013-03-11,0.002105851213461577
2013-03-12,0.003986228716998164
2013-03-13,0.0033429015516303062
2013-03-14,-0.002998123300865309
2013-03-15,0.003165487019965628
2013-03-18,0.0052808706255056325
2013-03-19,0.00013199694518681543
2013-03-20,-0.004851720574929139
2013-03-21,0.0060379528469664025
2013-03-22,-0.007855970670351466
2013-03-25,0.004359763133536082
2013-03-26,-0.008024404090619691
2013-03-27,0.003243926174225821
2013-03-28,-0.0021562739791927384
2013-04-01,0.005681977052180302
2013-04-02,-0.003945654718107455
2013-04-03,0.009879901896797952
2013-04-04,-0.005365984849777414
2013-04-05,0.004222999355590569
2013-04-08,0.0020902969364567613
2013-04-09,0.006079470019597735
2013-04-10,0.0018629192227873244
2013-04-11,0.0031971321894448974
2013-04-12,0.0002574007033744126
2013-04-15,0.018404701075745954
2013-04-16,-0.012944317140851747
2013-04-17,0.004003950646508608
2013-04-18,-0.0019422140347156933
2013-04-19,-0.006867885703908101
2013-04-22,-0.0018572962933474245
2013-04-23,-0.008139384954179455
2013-04-24,0.005716331551226361
2013-04-25,0.0009861139984433777
2013-04-26,0.005312590736186168
2013-04-29,-0.0012400110236085084
2013-04-30,0.0014556069447623195
2013-05-01,0.014166060637068099
2013-05-02,-0.0032824307959971877
2013-05-03,-0.0025135789374504496
2013-05-06,0.007315553713394507
2013-05-07,0.0005675641426399619
2013-05-08,0.001953359626532869
2013-05-09,0.005623362821213521
2013-05-10,0.0005963090161263938
2013-05-13,0.004649222255187085
2013-05-14,-0.005149939779144825
2013-05-15,-0.001983237424185272
2013-05-16,0.005150098817149227
2013-05-17,-0.005651818814764627
2013-05-20,0.003502135695041997
2013-05-21,-0.0017368372242556897
2013-05-22,0.004720421888320398
2013-05-23,0.00020274629405254855
2013-05-24,0.0021442715708029415
2013-05-28,-0.006813799132186334
2013-05-29,0.007493819882098748
2013-05-30,-0.004525577444445284
2013-05-31,0.010456870768519637
2013-06-03,-0.013208115366539947
2013-06-04,-0.002027502345801381
2013-06-05,0.006313749662698235
2013-06-06,-0.005211176096675027
2013-06-07,-0.011016152863810835
2013-06-10,-0.0012822944058446407
2013-06-11,0.0028380634340763183
2013-06-12,0.006067895210045536
2013-06-13,-0.013822498295539542
2013-06-14,0.008182298949442383
2013-06-17,-0.0013780741268606556
2013-06-18,-0.006923365425732198
2013-06-19,0.005613090724253802
2013-06-20,0.015170832674364523
2013-06-21,-0.010739102904383244
2013-06-24,0.00560180835082163
2013-06-25,-0.006885955622362461
2013-06-26,-0.006615190565221101
2013-06-27,-0.005752971703798353
2013-06-28,0.0072137433319328075
2013-07-01,-0.005538537854104124
2013-07-02,0.0021170903458718245
2013-07-03,-0.0010000395498893436
2013-07-05,-0.003485297013337954
2013-07-08,0.002545756912543289
2013-07-09,-0.0015148778396367494
2013-07-10,0.005359774268505377
2013-07-11,-0.0067530257736769595
2013-07-12,0.003240242998435672
2013-07-15,0.0010094293397136817
2013-07-16,0.004366933113680652
2013-07-17,0.00048437364337215977
2013-07-18,-0.004011975398489719
2013-07-19,0.0012862428456261238
2013-07-22,2.8994287459328978e-05
2013-07-23,-0.0016453266088387666
2013-07-24,0.001027309726903803
2013-07-25,-0.0009560534743427395
2013-07-26,-0.00011919874507127187
2013-07-29,0.002689155864351053
2013-07-30,-0.0011978614948678214
2013-07-31,0.0018296321322452472
2013-08-01,-0.006187411643549159
2013-08-02,0.00023973362800468884
2013-08-05,-0.000118530901522564
2013-08-06,-0.0034527737377260358
2013-08-07,-0.004625430617003448
2013-08-08,-0.011801429284394264
2013-08-09,-0.005573925548317782
2013-08-12,-0.006623613928899905
2013-08-13,-0.012266756163163877
2013-08-14,-0.008844924289390092
2013-08-15,0.0007888164359246622
2013-08-16,-0.00899481626206048
2013-08-19,-0.0036150397655233223
2013-08-20,-0.006935921194146601
2013-08-21,0.001988497042946267
2013-08-22,-0.007443066504534584
2013-08-23,-0.005297107450483593
2013-08-26,0.0014753981014236158
2013-08-27,0.009603162688638922
2013-08-28,-0.003921158369697886
2013-08-29,-0.0018554566861850958
2013-08-30,0.0020939995561393906
2013-09-03,-0.0007634570970921861
2013-09-04,-0.005001785226448629
2013-09-05,0.0005259723749763017
2013-09-06,0.005045116073233973
2013-09-09,-0.0016872814232850378
2013-09-10,0.004328710163656239
2013-09-11,0.0050082255555857665
2013-09-12,0.009058806569125692
2013-09-13,0.003136359557796311
2013-09-16,-0.0014539078914600385
2013-09-17,0.0031015090108265954
2013-09-18,-0.005166060561673786
2013-09-19,0.004141272065864003
2013-09-20,0.011633979542810145
2013-09-23,0.0022459257390796245
2013-09-24,0.0023699838704402
2013-09-25,0.002420658318213347
2013-09-26,-0.006053892458040999
2013-09-27,-0.00020341851947274642
2013-09-30,0.0037278434078184697
2013-10-01,-0.009767010638687923
2013-10-02,-0.0042638579274995436
2013-10-03,0.0010712052220818238
2013-10-04,-0.010458024915004326
2013-10-07,0.0018726403815056084
2013-10-08,0.005060846248843499
2013-10-09,-0.002249513877842165
2013-10-10,-0.01883386774555294
2013-10-11,-0.00296464722784324
2013-10-14,-0.00018848733299684645
2013-10-15,0.015508614261931664
2013-10-16,-0.005771012419570553
2013-10-17,0.00956986744088274
2013-10-18,0.00777663742030027
2013-10-21,0.004919006438930883
2013-10-22,-0.0019263516090543224
2013-10-23,0.007246936419413105
2013-10-24,-0.002076071311556061
2013-10-25,-0.0007298706047181181
2013-10-28,0.003584251619185462
2013-10-29,-0.0048268830222047195
2013-10-30,0.004924159351138044
2013-10-31,0.005809765012708151
2013-11-01,-0.003076365888307522
2013-11-04,-0.0008227049495173878
2013-11-05,0.0028159541592706963
2013-11-06,-0.00830763607777486
2013-11-07,0.010715886115955824
2013-11-08,-0.007866459831326961
2013-11-11,0.0010704312531800392
2013-11-12,0.0038694668112710055
2013-11-13,-0.0004076255815950785
2013-11-14,0.0023419691245954288
2013-11-15,0.0003739837198776085
2013-11-18,0.003691646765414905
2013-11-19,0.002806416414647228
2013-11-20,0.007321333712593019
2013-11-21,-0.004038651164921715
2013-11-22,0.00047164789010056005
2013-11-25,0.0023735442454366944
2013-11-26,0.0021881307288877734
2013-11-27,0.00014811069838991503
2013-11-29,0.00010790993894628986
2013-12-02,0.0013594508002687275
2013-12-03,0.000723394191594149
2013-12-04,-0.004505060287880995
2013-12-05,0.0019805862070701175
2013-12-06,-0.011975675878190335
2013-12-09,-0.001297142457313205
2013-12-10,-0.0032536166875846134
2013-12-11,-0.0050124967535492854
2013-12-12,-0.0019756135937616815
2013-12-13,-0.003823586706304605
2013-12-16,-0.009629324430827906
2013-12-17,0.006861822985365473
2013-12-18,-0.01282391408562567
2013-12-19,0.005738164772963775
2013-12-20,0.003989951149348957
2013-12-23,0.0022776101163799745
2013-12-24,0.0038828193119010805
2013-12-26,-0.0008261430556849476
2013-12-27,0.005342400728642551
2013-12-30,0.002728516039186944
2013-12-31,-0.0021814535159734782
2014-01-02,0.009912685716487863
2014-01-03,-0.0006040705463569358
2014-01-06,0.004386303318848151
2014-01-07,-0.00556800671255637
2014-01-08,0.004567468182170034
2014-01-09,0.0012108197759068988
2014-01-10,-0.0017358331996825747
2014-01-13,0.008835527783936233
2014-01-14,-0.006198524300551872
2014-01-15,-0.00664951485078962
2014-01-16,0.00440852467585643
2014-01-17,-0.003809451018280425
2014-01-21,-0.0012549976911227605
2014-01-22,-0.007715962478026205
2014-01-23,-0.006438049308963044
2014-01-24,0.006344038867699093
2014-01-27,-0.004739958358012749
2014-01-28,-0.011994573110475
2014-01-29,0.008689635618479942
2014-01-30,-0.01011529307892948
2014-01-31,0.00427155055541624
2014-02-03,0.01690041296764324
2014-02-04,-0.006911435072203779
2014-02-05,0.00022257359083989307
2014-02-06,-0.01032705715224869
2014-02-07,-0.010278390220838127
2014-02-10,0.002055160519035279
2014-02-11,-0.008892664497283084
2014-02-12,0.005736993680454729
2014-02-13,0.002374270307587271
2014-02-14,-0.00039093413089606385
2014-02-18,0.009131822236116291
2014-02-19,0.013673672658774054
2014-02-20,0.003030951422518937
2014-02-21,0.004808175141724909
2014-02-24,-0.004322582077227194
2014-02-25,0.0035131556723479443
2014-02-26,0.0008165694007339925
2014-02-27,-0.0030779023695593714
2014-02-28,-0.0037266774108610616
2014-03-03,0.010272699175467031
2014-03-04,-0.012438022527256313
2014-03-05,0.004447097453537843
2014-03-06,-0.0007211388067961807
2014-03-07,-0.00028484114623851097
2014-03-10,0.0029471393040727163
2014-03-11,0.0030311510743278062
2014-03-12,-0.004419414112897277
2014-03-13,0.004837354447645572
2014-03-14,-0.0025759017537938297
2014-03-17,-0.011274544292792274
2014-03-18,-0.00892152945859051
2014-03-19,0.005223374070692174
2014-03-20,-0.0024360878852135717
2014-03-21,0.002998799127574409
2014-03-24,0.005838506639415748
2014-03-25,-0.0023720290759771372
2014-03-26,0.004606369209471068
2014-03-27,0.0037389873427227708
2014-03-28,0.004497973901184988
2014-03-31,-0.001567776789513347
2014-04-01,0.0021906925528827215
2014-04-02,0.00326534243165396
2014-04-03,0.001519165099340437
2014-04-04,0.0039503947270332265
2014-04-07,0.002397699174700561
2014-04-08,-0.0026231476292602933
2014-04-09,-0.01816926336808004
2014-04-10,0.005048234521228601
2014-04-11,0.00078081323970766
2014-04-14,-0.013572820197435635
2014-04-15,-0.003261894874185045
2014-04-16,-0.006279821583982366
2014-04-17,0.00544816851526949
2014-04-21,0.004195647756888337
2014-04-22,0.0019731139755642495
2014-04-23,0.006296790524035978
2014-04-24,0.0021399654100574964
2014-04-25,0.011397235045120406
2014-04-28,0.0007880296119907784
2014-04-29,0.0024181608729494253
2014-04-30,0.005105483444088043
2014-05-01,0.00866813357799341
2014-05-02,0.00834184561006831
2014-05-05,-0.003214762216401005
2014-05-06,0.006398098722327789
2014-05-07,-0.0067388539337875815
2014-05-08,-0.0017707227079025224
2014-05-09,0.0019113416667112118
2014-05-12,-0.0005216891872126955
2014-05-13,0.0012874319092733063
2014-05-14,-0.00034847140026800574
2014-05-15,0.0035621178153158496
2014-05-16,-0.007678123428363142
2014-05-19,-0.010857422342830943
2014-05-20,0.0036499786998541086
2014-05-21,-0.011381465012485999
2014-05-22,0.0008092684449463976
2014-05-23,0.0013163082230398075
2014-05-27,0.0024542919107808803
2014-05-28,0.010185082609099281
2014-05-29,0.004067040690773243
2014-05-30,0.003102403651308802
2014-06-02,0.0015146811917969003
2014-06-03,0.004023891173453908
2014-06-04,0.0035860057886198202
2014-06-05,0.0009966085015192354
2014-06-06,0.0017053122919210573
2014-06-09,0.003971943605281409
2014-06-10,0.0024240683308959145
2014-06-11,0.005132513798856396
2014-06-12,0.005531355451341112
2014-06-13,-0.0033524372986120394
2014-06-16,-0.0006500260985959367
2014-06-17,0.00036009249178124616
2014-06-18,-0.0021539106059077417
2014-06-19,0.0013885520295142265
2014-06-20,-0.0004889328817104547
2014-06-23,-0.0013689967312841308
2014-06-24,0.004386216059773223
2014-06-25,-0.007096323109599905
2014-06-26,-0.00250871568841785
2014-06-27,-0.0035136606834891156
2014-06-30,0.002024973652872786
2014-07-01,-0.004713070705796114
2014-07-02,0.005368308175867404
2014-07-03,-0.0010618317971924241
2014-07-07,0.0017527314861842608
2014-07-08,0.00784080389263822
2014-07-09,-0.0074318507156937615
2014-07-10,0.0022189413141857402
2014-07-11,0.0010292559749764093
2014-07-14,-0.002826281515046822
2014-07-15,0.005058363157031052
2014-07-16,-0.003568261468961435
2014-07-17,0.01155885000295278
2014-07-18,-0.006762448565996119
2014-07-21,0.0055444276091497656
2014-07-22,-0.0017076327937518778
2014-07-23,0.0031616523631490248
2014-07-24,-0.0036674881953096656
2014-07-25,0.0012541544727243167
2014-07-28,-0.007265703507311582
2014-07-29,-0.004616443534051969
2014-07-30,-0.01336052078909785
2014-07-31,0.002766759144045467
2014-08-01,-0.006193252216746749
2014-08-04,-0.013372220788025937
2014-08-05,0.0020029210164202362
2014-08-06,-0.005385627407736453
2014-08-07,0.002703227164874563
2014-08-08,-0.011097093602367792
2014-08-11,-0.0006535282860162812
2014-08-12,0.002420236612217983
2014-08-13,-0.0023479293553747794
2014-08-14,-0.0015575879055797406
2014-08-15,0.007546348385661363
2014-08-18,-0.0033207721861392113
2014-08-19,0.0037944004953306444
2014-08-20,0.006665358010693701
2014-08-21,0.005980628256518621
2014-08-22,0.005731669760878064
2014-08-25,-0.0008079278437494244
2014-08-26,0.0013913767552497422
2014-08-27,0.0008073937123541739
2014-08-28,0.003917902136082668
2014-08-29,-0.0002729630831914667
2014-09-02,0.002965264769877101
2014-09-03,-0.0017634001518056185
2014-09-04,-0.0005809598165590303
2014-09-05,-0.004631151935272557
2014-09-08,-0.00044910573029486494
2014-09-09,0.0036166385464037926
2014-09-10,-0.005723538833111174
2014-09-11,-0.0032786969497600738
2014-09-12,-0.0009229257449502246
2014-09-15,-0.003743156106207235
2014-09-16,-0.0016832361831031753
2014-09-17,0.008823079449999884
2014-09-18,0.007890265835922162
2014-09-19,0.004782361933092248
2014-09-22,0.003575436705845396
2014-09-23,0.00876416662697248
2014-09-24,-0.015600065771648408
2014-09-25,0.011651356859019118
2014-09-26,-0.013389753667705803
2014-09-29,0.0012169249323042545
2014-09-30,-0.009752689122473318
2014-10-01,0.001092195621427143
2014-10-02,-0.003419176015008464
2014-10-03,-0.012841605656470623
2014-10-06,-0.006825604634316165
2014-10-07,0.01313226627666444
2014-10-08,-0.022020163790652213
2014-10-09,0.012045015212425961
2014-10-10,-0.001998195005056028
2014-10-13,0.006428234507865824
2014-10-14,-0.007795698991079526
2014-10-15,0.004848348925245761
2014-10-16,2.0467256231315387e-05
2014-10-17,-0.01666773587688021
2014-10-20,0.0007955500564206866
2014-10-21,-0.011018571106766626
2014-10-22,0.012896323730356717
2014-10-23,-0.0076902450724987935
2014-10-24,-0.001829427942037989
2014-10-27,0.007882517745403026
2014-10-28,-0.0034139773531371882
2014-10-29,0.005198619088315759
2014-10-30,-0.007553234526190994
2014-10-31,-0.006396901406687887
2014-11-03,0.005092139870004458
2014-11-04,0.0023310332598382054
2014-11-05,-0.003182250148632466
2014-11-06,-0.00232280760721952
2014-11-07,2.8901073932549766e-05
2014-11-10,-0.00171552039854391
2014-11-11,-1.2168921628709882e-05
2014-11-12,2.466595997028566e-05
2014-11-13,-0.0025365547944967357
2014-11-14,0.000935221071439032
2014-11-17,-0.0011743590825841017
2014-11-18,-0.0026355642777618118
2014-11-19,-2.727938476824142e-08
2014-11-20,-0.0007703740073789567
2014-11-21,-0.0034847945636368224
2014-11-24,0.0015258712333404987
2014-11-25,0.0024974468393724213
2014-11-26,0.0025989544827216006
2014-11-28,0.001166915913966168
2014-12-01,0.004646031214501863
2014-12-02,-0.003354076876746875
2014-12-03,-0.0006888032412940984
2014-12-04,0.0034400476916264704
2014-12-05,-0.0035180559651098817
2014-12-08,0.0016825486258368258
2014-12-09,-0.003760323012526278
2014-12-10,0.009120680120342901
2014-12-11,-0.016786564221172764
2014-12-12,0.0037481567641041054
2014-12-15,-0.005911669354303314
2014-12-16,-0.0010229707878432383
2014-12-17,-0.016352528641227635
2014-12-18,-0.020350097740282343
2014-12-19,0.004384956944865849
2014-12-22,-0.00490960365331127
2014-12-23,-3.6256597782734906e-05
2014-12-24,0.002832948278652435
2014-12-26,0.0012489760457220292
2014-12-29,0.002319573304314036
2014-12-30,0.003016336049704591
2014-12-31,0.008142182941864454
2015-01-02,-0.004881574459460383
2015-01-05,0.011869900656317088
2015-01-06,0.003062685866172858
2015-01-07,-0.01194857238618949
2015-01-08,-0.01851434493921403
2015-01-09,0.007704491373328924
2015-01-12,0.003647249284873818
2015-01-13,-0.0048062197351231555
2015-01-14,0.002925486437352888
2015-01-15,-0.0007392864063631779
2015-01-16,-0.01246117710703653
2015-01-20,-0.000486651487188442
2015-01-21,0.0013555927549636151
2015-01-22,-0.010681308221405776
2015-01-23,0.011031228001151768
2015-01-26,-0.0014308790136591458
2015-01-27,0.013826087778776471
2015-01-28,0.009842337075594176
2015-01-29,-0.015718604512694703
2015-01-30,0.012722762197890033
2015-02-02,-0.0068914563588746815
2015-02-03,-0.010296203579977807
2015-02-04,0.009408237816571045
2015-02-05,-0.007172694125252736
2015-02-06,0.005990407771884301
2015-02-09,0.009591104092375284
2015-02-10,-0.0037189357090245487
2015-02-11,0.004442162710685131
2015-02-12,-0.0018178255686803098
2015-02-13,0.0010019984562774863
2015-02-17,0.001584712920736005
2015-02-18,0.0030605850230307494
2015-02-19,0.004367347828967319
2015-02-20,-0.006393399267432974
2015-02-23,0.003480147036622471
2015-02-24,-0.002986338738346136
2015-02-25,0.0009555694667017975
2015-02-26,0.0013760015490821734
2015-02-27,0.005641967528050282
2015-03-02,-0.00792878185061588
2015-03-03,0.002946049000992449
2015-03-04,0.004651427551796483
2015-03-05,-0.009165418293249149
2015-03-06,0.00931458756046952
2015-03-09,-0.016501716012046315
2015-03-10,0.007593507391888368
2015-03-11,-0.004303077320809463
2015-03-12,-0.02116177234290955
2015-03-13,0.006551601745192729
2015-03-16,-0.014959013309652438
2015-03-17,0.007584352381405604
2015-03-18,-0.011324155317399241
2015-03-19,0.010735880457996824
2015-03-20,-0.003793361047584815
2015-03-23,0.00425866718518402
2015-03-24,0.0037786969500400776
2015-03-25,0.012915800097401078
2015-03-26,0.000414999722973096
2015-03-27,0.0024108739081616266
2015-03-30,-0.012293965962742324
2015-03-31,0.005089278344334411
2015-04-01,0.0008972984386187021
2015-04-02,-0.004430704340304282
2015-04-06,-0.0041182860881526905
2015-04-07,0.002358615789146925
2015-04-08,0.001077992519261209
2015-04-09,0.0029124099559044263
2015-04-10,0.00015375204886093098
2015-04-13,0.009349833185346285
2015-04-14,0.004497251890540427
2015-04-15,0.0032751221051549213
2015-04-16,0.0010778642081984715
2015-04-17,0.019789019749023022
2015-04-20,-0.006446084555578631
2015-04-21,0.004626436171602795
2015-04-22,-0.003229479328420792
2015-04-23,0.0007225925120629736
2015-04-24,-0.0006191140579609614
2015-04-27,0.0014107365516703185
2015-04-28,-0.005860797321978266
2015-04-29,-0.005113107908686149
2015-04-30,0.005822755413837432
2015-05-01,-0.008784410519734031
2015-05-04,-0.006770976138721454
2015-05-05,-0.0012358912373958367
2015-05-06,-0.0015209297936827487
2015-05-07,0.00020141296082949386
2015-05-08,-0.00958971301545837
2015-05-11,0.004429949647873603
2015-05-12,0.004431794214015757
2015-05-13,0.0076350490475127885
2015-05-14,-0.0014819604500414096
2015-05-15,0.007529461848799601
2015-05-18,0.005853180363588156
2015-05-19,0.0048752518966774985
2015-05-20,0.005285834670308033
2015-05-21,0.0019754037127873263
2015-05-22,-0.00019133593668883798
2015-05-26,0.008904648649748697
2015-05-27,-0.008838059865392458
2015-05-28,-0.003182363708660225
2015-05-29,0.0013657310614207281
2015-06-01,-0.007526621800276891
2015-06-02,-0.0016106907738301763
2015-06-03,-0.012159269134637045
2015-06-04,-0.0021360072239733283
2015-06-05,-0.005133583796937223
2015-06-08,-0.0022662336518159895
2015-06-09,-0.0009783492913922327
2015-06-10,-0.01086022509471369
2015-06-11,-0.0027366813407725425
2015-06-12,0.004908412818637126
2015-06-15,0.005861114888049854
2015-06-16,-0.0042847583679160505
2015-06-17,0.005526926675601987
2015-06-18,-0.0034182334175369283
2015-06-19,0.01479978538356388
2015-06-22,0.0045090705725027175
2015-06-23,0.004241011862348723
2015-06-24,0.006099015997173454
2015-06-25,0.0013370243068044
2015-06-26,-0.013236155654466501
2015-06-29,0.009027693794761045
2015-06-30,-0.007183304867938275
2015-07-01,-0.012364183033074775
2015-07-02,-0.004109838044518517
2015-07-06,-0.0017617080804993787
2015-07-07,-0.011234786798265412
2015-07-08,0.010455112421530289
2015-07-09,-0.0033717112003923072
2015-07-10,-0.008116943128229307
2015-07-13,-0.0058844843222236355
2015-07-14,0.0023089213251092384
2015-07-15,0.007646227137553802
2015-07-16,0.003116332472052473
2015-07-17,0.009349932535635609
2015-07-20,0.004082841859370846
2015-07-21,0.013072755739989691
2015-07-22,0.004738428477868916
2015-07-23,-0.0007896262532045874
2015-07-24,0.001648972420129572
2015-07-27,0.002783705400049139
2015-07-28,-0.012126740588761651
2015-07-29,-0.00807309056950753
2015-07-30,-0.0007440324166055937
2015-07-31,-0.00028244119615951054
2015-08-03,0.001336645206440131
2015-08-04,-0.000919556755533821
2015-08-05,-0.0034336205660554873
2015-08-06,0.002170272217933523
2015-08-07,0.0020487987293766117
2015-08-10,-0.015800863760913983
2015-08-11,0.008861903149281949
2015-08-12,-0.0007882452986313735
2015-08-13,0.00021294735306633182
2015-08-14,-0.002416230113366802
2015-08-17,-0.0007673166905269348
2015-08-18,0.000348267335407851
2015-08-19,0.0006622379697766474
2015-08-20,0.0026899253286623466
2015-08-21,0.012600611137611361
2015-08-24,0.025138491772405645
2015-08-25,0.007785748786990881
2015-08-26,-0.039798874640495426
2015-08-27,-0.021753409484370025
2015-08-28,0.0006591901467033921
2015-08-31,0.005200799578297178
2015-09-01,0.027821469943058633
2015-09-02,-0.018281988767408185
2015-09-03,-0.002655167224387283
2015-09-04,0.017133588212044616
2015-09-08,-0.023626314815415342
2015-09-09,0.013340417904457622
2015-09-10,-0.0051886505636756005
2015-09-11,-0.006201516357427604
2015-09-14,0.00632291541301618
2015-09-15,-0.008073572314910375
2015-09-16,-0.00042732293054356316
2015-09-17,0.007420258377344693
2015-09-18,0.021589222631397377
2015-09-21,-0.013355772704374606
2015-09-22,0.0029582137237093784
2015-09-23,-0.00852417027306775
2015-09-24,-0.0002907369957921152
2015-09-25,-0.01861534749545542
2015-09-28,0.010915589354356528
2015-09-29,-0.005908140144968512
2015-09-30,-0.01691445465145344
2015-10-01,0.0013539495836073702
2015-10-02,-0.0018272678761574214
2015-10-05,-0.007265382772089442
2015-10-06,0.00549559741864322
2015-10-07,-0.0008934181483675786
2015-10-08,-0.002493629502551626
2015-10-09,0.0025688327280608565
2015-10-12,0.00025497415455483143
2015-10-13,0.00420987270910285
2015-10-14,0.011365314836263851
2015-10-15,-0.011073299258499682
2015-10-16,-0.003224072973506567
2015-10-19,-0.00026133504135509623
2015-10-20,0.0008539519931347616
2015-10-21,0.004122827874089896
2015-10-22,-0.015818792663763993
2015-10-23,-0.006191586879407518
2015-10-26,0.003721031680290504
2015-10-27,0.005687328846672682
2015-10-28,-0.008279340315963184
2015-10-29,0.0028395095537545904
2015-10-30,0.006667068602766647
2015-11-02,-0.0072090433756593604
2015-11-03,-0.0034400106123608377
2015-11-04,0.003736662852513629
2015-11-05,0.0016613030581701504
2015-11-06,-0.0025980055577222013
2015-11-09,0.00948234025862707
2015-11-10,-0.002033148799064081
2015-11-11,-0.00115563704864061
2015-11-12,0.005639812506839856
2015-11-13,0.004506988070867525
2015-11-16,-0.0184835942369436
2015-11-17,-0.0018004818995866314
2015-11-18,-0.013573735817276271
2015-11-19,0.006855631506650809
2015-11-20,0.0006682637141725255
2015-11-23,0.0068523042577016465
2015-11-24,0.0051269019646668895
2015-11-25,0.005287425509431376
2015-11-27,0.004150621095550787
2015-11-30,0.011877195522705367
2015-12-01,-0.004255005667692612
2015-12-02,0.007449738306442372
2015-12-03,0.018268849439419844
2015-12-04,-0.02015058364261919
2015-12-07,0.002977503749398987
2015-12-08,0.0052080961651831455
2015-12-09,0.0016537311959528224
2015-12-10,-0.013221617238390845
2015-12-11,0.011143098116168709
2015-12-14,-0.006909866938780819
2015-12-15,-0.004919869759286847
2015-12-16,-0.010870713015539563
2015-12-17,0.008836474237777694
2015-12-18,0.016571489264945893
2015-12-21,-0.009372120397079001
2015-12-22,-0.007158360258143195
2015-12-23,-0.0072280217345255405
2015-12-24,0.0048582239977234265
2015-12-28,0.008690600611075227
2015-12-29,-0.004195227547329976
2015-12-30,0.009021946308050787
2015-12-31,0.005413401723390859
2016-01-04,0.011928567023617258
2016-01-05,-0.006224039002615844
2016-01-06,0.0033474662186198136
2016-01-07,0.012982653801075463
2016-01-08,0.002224078098451439
2016-01-11,-0.0076812531512844544
2016-01-12,-0.011323700529861983
2016-01-13,0.01977397628971705
2016-01-14,-0.016841253645966874
2016-01-15,0.022099177850632364
2016-01-19,-0.0061517262284049475
2016-01-20,0.013099577580492922
2016-01-21,-0.008180678154928593
2016-01-22,-0.014302510312441204
2016-01-25,0.013071808649689005
2016-01-26,-0.017744667346379216
2016-01-27,0.013958074427662025
2016-01-28,-0.004571029629555319
2016-01-29,-0.020072352163360316
2016-02-01,0.0034889831247043365
2016-02-02,0.020856004816657326
2016-02-03,-0.004727044159281813
2016-02-04,-0.0007182110087809255
2016-02-05,0.011527174630973941
2016-02-08,0.009581950025754599
2016-02-09,-0.00019288175687854486
2016-02-10,-0.0017651022356655142
2016-02-11,0.009366722127262134
2016-02-12,-0.019931993910335215
2016-02-16,-0.00853176083262086
2016-02-17,-0.014162599715316767
2016-02-18,0.004935355567120089
2016-02-19,0.006551856028086846
2016-02-22,-0.010947766054700445
2016-02-23,0.012205445453132683
2016-02-24,0.0007090294181125133
2016-02-25,-0.008649782009569257
2016-02-26,0.005342742110087634
2016-02-29,0.01112637518736542
2016-03-01,-0.01711527120860169
2016-03-02,0.0015403051015288574
2016-03-03,0.0007783237304791824
2016-03-04,-0.0009056818092768038
2016-03-07,-0.002261154758652975
2016-03-08,0.007914948695781725
2016-03-09,-0.0020867444483814537
2016-03-10,0.00191789058351401
2016-03-11,-0.010767782446737432
2016-03-14,0.000689754818268406
2016-03-15,0.0016636515884380218
2016-03-16,-0.00035239252215082603
2016-03-17,-0.004148122463844705
2016-03-18,-0.002670209701506443
2016-03-21,0.0014813644546442391
2016-03-22,0.003555140964309183
2016-03-23,0.0049002131944141675
2016-03-24,0.0005248672402323098
2016-03-28,0.00029939993540512933
2016-03-29,-0.003847793437166021
2016-03-30,-0.0035411112131789853
2016-03-31,0.0024357485691979958
2016-04-01,-0.004314117484169492
2016-04-04,0.0028523354127898397
2016-04-05,0.007678363057724835
2016-04-06,-0.008192843018242201
2016-04-07,0.008580278461551412
2016-04-08,-0.0027574801258974974
2016-04-11,0.002802154317739208
2016-04-12,-0.0030755824651797197
2016-04-13,-0.0030671984333773515
2016-04-14,0.004116055949364167
2016-04-15,0.007221033988725419
2016-04-18,0.0003379551539366525
2016-04-19,0.002710782156527444
2016-04-20,-0.00011761951626944236
2016-04-21,0.006960824625926547
2016-04-22,-0.0014278461807439966
2016-04-25,0.002155413063364756
2016-04-26,0.001618540729870832
2016-04-27,-0.003760181563246649
2016-04-28,0.007171196260300302
2016-04-29,0.0017277643082956548
2016-05-02,-0.010895110548150693
2016-05-03,0.0008189883303198718
2016-05-04,-0.0015067065271224707
2016-05-05,-0.007157837592491934
2016-05-06,-0.010058913196197712
2016-05-09,0.0009754626245085437
2016-05-10,-0.012800719656762272
2016-05-11,0.010287930418800953
2016-05-12,-0.003971685389091586
2016-05-13,0.0099293365539602
2016-05-16,-0.012196214789376155
2016-05-17,0.007658863073710326
2016-05-18,-0.004457730660684712
2016-05-19,0.0023560537614121893
2016-05-20,-0.0057696116161065816
2016-05-23,0.0036782209449659625
2016-05-24,-0.002122980561315338
2016-05-25,0.0023724305195818116
2016-05-26,0.009413801139000833
2016-05-27,0.003929463699530601
2016-05-31,0.009533605681237942
2016-06-01,0.0058308282703339286
2016-06-02,0.002455341413214098
2016-06-03,0.004697522286923765
2016-06-06,-0.0025716481183657605
2016-06-07,0.0028343072991849003
2016-06-08,-0.000927689251065567
2016-06-09,0.001005195255210174
2016-06-10,0.0042142778543299945
2016-06-13,0.0017887425773195666
2016-06-14,-0.0022033564909231754
2016-06-15,-0.004493108986273205
2016-06-16,-0.011840147340382023
2016-06-17,0.002473893179726109
2016-06-20,-0.004831212292029625
2016-06-21,0.0002869736145420434
2016-06-22,0.01074190940984898
2016-06-23,-0.020812372546197992
2016-06-24,0.017893317571982183
2016-06-27,0.007111634686605844
2016-06-28,-0.015582224640246597
2016-06-29,-0.010237758629807808
2016-06-30,-0.0050950289937793485
2016-07-01,0.0045927187680584215
