date,close
2008-08-08,0.02649630080828813
2008-08-11,0.004093061956047084
2008-08-12,-0.011871986891307307
2008-08-13,-0.00940605411238482
2008-08-14,0.007194137498092612
2008-08-15,0.0037853793140638636
2008-08-18,-0.015481332928024005
2008-08-19,-0.011397801151378228
2008-08-20,0.006069489160632546
2008-08-21,0.0011193675227969546
2008-08-22,0.01730935827075797
2008-08-25,-0.020795352648519283
2008-08-26,0.0023379163464705144
2008-08-27,0.007854264458858617
2008-08-28,0.018488999679009188
2008-08-29,-0.014615200482157475
2008-09-02,-0.0023423591211333417
2008-09-03,0.0013857871842972713
2008-09-04,-0.029884070846866284
2008-09-05,0.002925350885468303
2008-09-08,0.025824902682123563
2008-09-09,-0.02432595081939215
2008-09-10,0.0034004377542495856
2008-09-11,0.014623415683343133
2008-09-12,-0.0010250216246519006
2008-09-15,-0.04416746916837666
2008-09-16,0.012961719530583782
2008-09-17,-0.040632833679333014
2008-09-18,0.03864687391213528
2008-09-19,0.03346282759450303
2008-09-22,-0.03273055720605955
2008-09-23,-0.014662766847550301
2008-09-24,-0.0026717842328964903
2008-09-25,0.01818813947668385
2008-09-26,0.010984362668479797
2008-09-29,-0.06979005961332285
2008-09-30,0.0468103160632618
2008-10-01,-0.0018054108818190695
2008-10-02,-0.03215016525190495
2008-10-03,-0.015021650219993576
2008-10-06,-0.03582240107213874
2008-10-07,-0.05106620461051681
2008-10-08,-0.02000726063283864
2008-10-09,-0.07333137785642319
2008-10-10,-0.014919822737586075
2008-10-13,0.11080332541082027
2008-10-14,-0.00816184276245624
2008-10-15,-0.0787327646419389
2008-10-16,0.04678873882358903
2008-10-17,-0.014148170654333936
2008-10-20,0.04667868783238638
2008-10-21,-0.02501443618961352
2008-10-22,-0.05694814600177245
2008-10-23,0.020194360744717033
2008-10-24,-0.0359326679131311
2008-10-27,-0.02424888502141942
2008-10-28,0.10877875723020569
2008-10-29,-0.008180818255237532
2008-10-30,0.021102351695480914
2008-10-31,0.015719885293158375
2008-11-03,-0.0005554632232129819
2008-11-04,0.03277422407088748
2008-11-05,-0.05049315810574373
2008-11-06,-0.04852461129415209
2008-11-07,0.028521801929439317
2008-11-10,-0.008192213751956445
2008-11-11,-0.019906341665783756
2008-11-12,-0.04730868326976412
2008-11-13,0.06671646387231966
2008-11-14,-0.03824910443960272
2008-11-17,-0.026329451383059088
2008-11-18,0.01827140103472269
2008-11-19,-0.05073980830291702
2008-11-20,-0.055642644890328885
2008-11-21,0.06542782387858526
2008-11-24,0.049334947086219216
2008-11-25,0.004273177208357071
2008-11-26,0.029145773113618212
2008-11-28,0.011737615787224875
2008-12-01,-0.07701292552757733
2008-12-02,0.033132534629818355
2008-12-03,0.020501099774467235
2008-12-04,-0.02507657864394175
2008-12-05,0.030942247811852397
2008-12-08,0.03459702058031944
2008-12-09,-0.027182081417055137
2008-12-10,0.008064335285113744
2008-12-11,-0.022408479703158735
2008-12-12,0.007541065126952962
2008-12-15,-0.007549457484499755
2008-12-16,0.04198821037506284
2008-12-17,-0.011183128511346951
2008-12-18,-0.024857338335951162
2008-12-19,-0.003007533930718509
2008-12-22,-0.006926126046821857
2008-12-23,-0.011761014226526312
2008-12-24,0.005818677715189846
2008-12-26,0.0055581754011242435
2008-12-29,-0.0037132188458341986
2008-12-30,0.021742271155311466
2008-12-31,0.012459061600092358
2009-01-02,0.029431327889089864
2009-01-05,-0.00905407893113852
2009-01-06,0.006948594563256805
2009-01-07,-0.027220930537472987
2009-01-08,-0.003106172318182554
2009-01-09,-0.01638901407612947
2009-01-12,-0.014560691178485463
2009-01-13,-0.002998606426454331
2009-01-14,-0.029403828789939523
2009-01-15,0.0015061450905053952
2009-01-16,0.008368898875519948
2009-01-20,-0.040106398819487854
2009-01-21,0.03509959089907366
2009-01-22,-0.012797584511495153
2009-01-23,-0.005569471255465364
2009-01-26,0.004762539618863526
2009-01-27,0.00723262499602928
2009-01-28,0.02455374061283977
2009-01-29,-0.027036206364166482
2009-01-30,-0.018180110668169713
2009-02-02,-0.008012876215967801
2009-02-03,0.01784230320975211
2009-02-04,-0.015064901973481093
2009-02-05,0.013373651422238675
2009-02-06,0.02697731824174454
2009-02-09,-0.0011737932000930318
2009-02-10,-0.046185007790171984
2009-02-11,0.006420417174813453
2009-02-12,-0.00085269533215937
2009-02-13,-0.010380952162449164
2009-02-17,-0.03793561003984236
2009-02-18,0.0004011598601652011
2009-02-19,-0.011869255268842638
2009-02-20,-0.013431686163671519
2009-02-23,-0.03406208850059922
2009-02-24,0.0331928895396032
2009-02-25,-0.010889736698840413
2009-02-26,-0.012214460510137526
2009-02-27,-0.016589887378170576
2009-03-02,-0.042424346767578114
2009-03-03,-0.005510631660035181
2009-03-04,0.022274658713473894
2009-03-05,-0.040925895335723106
2009-03-06,0.004928394297747607
2009-03-09,-0.012055353029533311
2009-03-10,0.05795593612255723
2009-03-11,0.0005644561512554436
2009-03-12,0.034581005924347874
2009-03-13,0.00752014617004404
2009-03-16,-0.0009703515236753057
2009-03-17,0.0247652401280527
2009-03-18,0.012288207680457353
2009-03-19,-0.011457875138476181
2009-03-20,-0.016541441912805155
2009-03-23,0.06835037561037449
2009-03-24,-0.014903779323493294
2009-03-25,0.011728492103010968
2009-03-26,0.022548939618533437
2009-03-27,-0.01872405510559505
2009-03-30,-0.03268445348012894
2009-03-31,0.011552734504827189
2009-04-01,0.020065949176308218
2009-04-02,0.027891156103237114
2009-04-03,0.004952281689926785
2009-04-06,-0.0052060159026844355
2009-04-07,-0.023356757921014548
2009-04-08,0.006104298495623661
2009-04-09,0.031423573631396806
2009-04-13,-0.0031632560038407087
2009-04-14,-0.01708031069136262
2009-04-15,0.013817854800828977
2009-04-16,0.01193208381054034
2009-04-17,0.0007261030929783807
2009-04-20,-0.03561534170159941
2009-04-21,0.016301262604042854
2009-04-22,-0.010413410396390543
2009-04-23,0.008938017641078932
2009-04-24,0.014984164817355206
2009-04-27,-0.006350688249183722
2009-04-28,-0.0010030903426790916
2009-04-29,0.021052868708102856
2009-04-30,-0.002151292554237627
2009-05-01,0.005422312534312468
2009-05-04,0.02609830668224533
2009-05-05,-0.001909374161078281
2009-05-06,0.012083476921118885
2009-05-07,-0.012033285605033583
2009-05-08,0.0195961649540084
2009-05-11,-0.01817927177532508
2009-05-12,0.005979603076197604
2009-05-13,-0.021752083902460306
2009-05-14,0.005604262970504648
2009-05-15,-0.007523501407093791
2009-05-18,0.02847391002505395
2009-05-19,-0.0034372324409314148
2009-05-20,-0.006231331822100894
2009-05-21,-0.015425015791898478
2009-05-22,-0.0017859826339672313
2009-05-26,0.02369968696269975
2009-05-27,-0.0204721662391254
2009-05-28,0.012503621226432005
2009-05-29,0.011486506377745842
2009-06-01,0.026011966288226995
2009-06-02,0.002227808608312065
2009-06-03,-0.007508394387419126
2009-06-04,0.008645293763739348
2009-06-05,0.0014730681336039275
2009-06-08,0.00015522992532623903
2009-06-09,-0.00016322683548664063
2009-06-10,-0.0027433454863184936
2009-06-11,0.0036503408648991265
2009-06-12,0.003231120603438553
2009-06-15,-0.02126655017050405
2009-06-16,-0.012477749551826789
2009-06-17,-0.000880716134555648
2009-06-18,0.006875210606643867
2009-06-19,-0.0018548203214184822
2009-06-22,-0.023504336582987007
2009-06-23,-0.0019306368964813192
2009-06-24,-0.0027694399490217902
2009-06-25,0.020788301451431845
2009-06-26,-0.004014305084070413
2009-06-29,0.010782898670618213
2009-06-30,-0.009658369185783333
2009-07-01,0.006755013614301086
2009-07-02,-0.026260328655269616
2009-07-06,0.0053292216558127325
2009-07-07,-0.019372074045936216
2009-07-08,0.0018141628470997873
2009-07-09,0.000581983525355545
2009-07-10,-0.004478692297467668
2009-07-13,0.022728686604832404
2009-07-14,0.0033379223639622424
2009-07-15,0.030709982769044908
2009-07-16,0.011096561016966877
2009-07-17,0.0036869562151091717
2009-07-20,0.011917967784867534
2009-07-21,0.007661488213400958
2009-07-22,-0.0038897299044304834
2009-07-23,0.02117156847500401
2009-07-24,0.0026408020914536756
2009-07-27,0.001679225409662033
2009-07-28,-0.0012944049310898986
2009-07-29,-0.0028581731500422203
2009-07-30,0.00923193558720592
2009-07-31,0.001873447478059953
2009-08-03,0.012533153392560337
2009-08-04,0.0036214487871266687
2009-08-05,-0.004208143644790718
2009-08-06,-0.002662426535020357
2009-08-07,0.012295517029459413
2009-08-10,-0.0034279465331226167
2009-08-11,-0.010334173767600485
2009-08-12,0.013002309962131253
2009-08-13,0.003907447376788831
2009-08-14,-0.00817072188705592
2009-08-17,-0.019960584463252995
2009-08-18,0.009041874939342609
2009-08-19,0.00664137511672358
2009-08-20,0.007639656873258849
2009-08-21,0.016674798887167164
2009-08-24,0.00034928613206886006
2009-08-25,0.003155832939323533
2009-08-26,0.00044337681315909094
2009-08-27,0.003888544472508304
2009-08-28,-0.0038024326563330657
2009-08-31,-0.005020839776600505
2009-09-01,-0.019552992764967247
2009-09-02,-0.0032145835161893066
2009-09-03,0.006889642740121493
2009-09-04,0.010343834131383511
2009-09-08,0.005938851761407626
2009-09-09,0.005251986456249469
2009-09-10,0.008406719707099608
2009-09-11,-0.0022924273905305936
2009-09-14,0.002226828376366452
2009-09-15,0.005880500392248633
2009-09-16,0.01118405579885473
2009-09-17,-0.0007955811599811291
2009-09-18,0.003708155869101004
2009-09-21,-0.004209669778422631
2009-09-22,0.005216323570791603
2009-09-23,-0.008272774632087865
2009-09-24,-0.0042169759444631305
2009-09-25,-0.004352331640377627
2009-09-28,0.01284713439271723
2009-09-29,-0.0048174955332117575
2009-09-30,-0.0030711645609581284
2009-10-01,-0.020901373696967984
2009-10-02,-0.002272558944339864
2009-10-05,0.011813237726578052
2009-10-06,0.013698273392536153
2009-10-07,-0.0005826486833655498
2009-10-08,0.006301937711664207
2009-10-09,0.007977044673352696
2009-10-12,0.0021144983298633235
2009-10-13,-0.0014910477956472379
2009-10-14,0.014669225581415812
2009-10-15,0.004700544748007962
2009-10-16,-0.006661094802866918
2009-10-19,0.009631959278705748
2009-10-20,-0.005024667390341686
2009-10-21,-0.009173955971930603
2009-10-22,0.013262078635728258
2009-10-23,-0.010824972580943282
2009-10-26,-0.010451045121058322
2009-10-27,0.0014400038103115076
2009-10-28,-0.01209041143888867
2009-10-29,0.02047485803708371
2009-10-30,-0.025078804636160412
2009-11-02,0.00789787176736767
2009-11-03,-0.0017907254433051634
2009-11-04,0.00309349956981797
2009-11-05,0.020793460235967176
2009-11-06,0.0017449500097943549
2009-11-09,0.02030449707090476
2009-11-10,0.001958484083861567
2009-11-11,0.0043222631955279756
2009-11-12,-0.009113568389362836
2009-11-13,0.007158638578744769
2009-11-16,0.01328958694070237
2009-11-17,0.0029268777817923475
2009-11-18,-0.001064468049235101
2009-11-19,-0.009003108827691175
2009-11-20,-0.0013820742677596032
2009-11-23,0.012869542382177634
2009-11-24,-0.0016496299063792907
2009-11-25,0.0029414656914943382
2009-11-27,-0.01476247984547685
2009-11-30,0.0033870195247587276
2009-12-01,0.012251547868339152
2009-12-02,-0.0018049234040619089
2009-12-03,-0.008278193007291712
2009-12-04,0.0021946430566934794
2009-12-07,0.00011647045918339316
2009-12-08,-0.010023060005214135
2009-12-09,0.004965997517959009
2009-12-10,0.006653764984279942
2009-12-11,0.006310875669592209
2009-12-14,0.002821926180585521
2009-12-15,-0.004670942518528065
2009-12-16,-0.0010409395331036908
2009-12-17,-0.012724717149839138
2009-12-18,0.002001288326085815
2009-12-21,0.008253549345710987
2009-12-22,0.004877032760344457
2009-12-23,0.00014435835149462228
2009-12-24,0.005125849663272453
2009-12-28,0.0025655959704831144
2009-12-29,-0.0001583281803272385
2009-12-30,0.0002939288222283398
2009-12-31,-0.011419622513883398
2010-01-04,0.014951040989466646
2010-01-05,-0.0011281694186295876
2010-01-06,0.00015703716778059373
2010-01-07,0.003138046634796332
2010-01-08,0.0010681765925759645
2010-01-11,0.004313333842647982
2010-01-12,-0.0034443392492991
2010-01-13,0.005035136150524977
2010-01-14,0.0027882167104158473
2010-01-15,-0.009420562145185163
2010-01-19,0.010912640439123322
2010-01-20,-0.011400876554158001
2010-01-21,-0.020113880493480507
2010-01-22,-0.02087602571806435
2010-01-25,0.0023473848200141756
2010-01-26,-0.00025207759047074507
2010-01-27,0.004107220806941925
2010-01-28,-0.01130308609277153
2010-01-29,-0.005249751493509147
2010-02-01,0.011740967945413905
2010-02-02,0.01092916094903762
2010-02-03,-0.002554159866528405
2010-02-04,-0.02613006170322063
2010-02-05,0.0010048609704542688
2010-02-08,-0.010371405252805443
2010-02-09,0.015163917252506875
2010-02-10,-0.0020141590518861774
2010-02-11,0.010540595300642108
2010-02-12,-0.004441044403109662
2010-02-16,0.016800441098962615
2010-02-17,0.0039372236485910594
2010-02-18,0.00811506943062601
2010-02-19,0.0009091975903088301
2010-02-22,-0.0018235976225986494
2010-02-23,-0.009724165057275802
2010-02-24,0.008923005230816461
2010-02-25,-0.005121368763902456
2010-02-26,0.00040979435938681696
2010-03-01,0.007605639133651643
2010-03-02,0.00021054827135102983
2010-03-03,-0.0008860962213027568
2010-03-04,0.004557169821312934
2010-03-05,0.011686994302527287
2010-03-08,-0.0012947606273823187
2010-03-09,0.0011239401168601226
2010-03-10,0.00027925917355542396
2010-03-11,0.004212009994842614
2010-03-12,0.0012109681489913537
2010-03-15,0.001643342002699777
2010-03-16,0.004118537922561227
2010-03-17,0.0044628005825015915
2010-03-18,0.00423899751193213
2010-03-19,-0.0034501172488246024
2010-03-22,0.004087616803996275
2010-03-23,0.009543997186842956
2010-03-24,-0.004837957752688138
2010-03-25,0.0004669185839278889
2010-03-26,0.0008440386266848066
2010-03-29,0.00419340909634669
2010-03-30,0.0010609074984111455
2010-03-31,-0.004656463257639909
2010-04-01,0.006488238122587253
2010-04-05,0.00425361041193284
2010-04-06,-0.000324379992333923
2010-04-07,-0.006606268435864204
2010-04-08,0.002711699667066414
2010-04-09,0.006431669063207135
2010-04-12,0.0007838343158610428
2010-04-13,0.001222082230519117
2010-04-14,0.009409796608258691
2010-04-15,0.0019293074714066272
2010-04-16,-0.011297887366729542
2010-04-19,0.006660483095757952
2010-04-20,0.002254750064320854
2010-04-21,0.0007070484717019987
2010-04-22,0.0008422622440633631
2010-04-23,0.006286013746722885
2010-04-26,6.693870377372235e-05
2010-04-27,-0.019012898162354852
2010-04-28,0.0048471022108445005
2010-04-29,0.011050051789139204
2010-04-30,-0.014211994976091047
2010-05-03,0.013009789137419236
2010-05-04,-0.020181494694758606
2010-05-05,-0.005485555451682278
2010-05-06,-0.0318869253325309
2010-05-07,-0.013297180695154176
2010-05-10,0.03898777908972306
2010-05-11,-0.0034195014035794946
2010-05-12,0.013830183003205931
2010-05-13,-0.010458010381695249
2010-05-14,-0.015096981529229225
2010-05-17,0.0005338808354320435
2010-05-18,-0.010811381220936278
2010-05-19,-0.006334355955753601
2010-05-20,-0.036034753306951495
2010-05-21,0.012453285454688379
2010-05-24,-0.012441327661997792
2010-05-25,-0.0022669389196039447
2010-05-26,-0.0068997934038581565
2010-05-27,0.02852688562222716
2010-05-28,-0.011927129046287677
2010-06-01,-0.01110925436865362
2010-06-02,0.022498010902712196
2010-06-03,0.0005600544024413345
2010-06-04,-0.031526256771353234
2010-06-07,-0.011627049164276038
2010-06-08,0.012579883184725249
2010-06-09,-0.004097643853526622
2010-06-10,0.027606162082986163
2010-06-11,0.003788634574034999
2010-06-14,-0.001976355015399167
2010-06-15,0.020987363065928966
2010-06-16,0.000450802874585321
2010-06-17,0.0023737926847311464
2010-06-18,0.0015784389326456427
2010-06-21,-0.0007874541956264247
2010-06-22,-0.014258269609060181
2010-06-23,0.00047805806361944647
2010-06-24,-0.01414200542443289
2010-06-25,-0.0008854897345657031
2010-06-28,-0.0005215101829199043
2010-06-29,-0.02645550960374443
2010-06-30,-0.00975454666534048
2010-07-01,-0.004244845224628424
2010-07-02,-0.004731534203392118
2010-07-06,0.005898902083166346
2010-07-07,0.02818872217729429
2010-07-08,0.01204896413209755
2010-07-09,0.005823074964605546
2010-07-12,0.0017885022365544678
2010-07-13,0.014364343070628616
2010-07-14,0.0003570580948921709
2010-07-15,-0.0007147969863600112
2010-07-16,-0.025234229895011562
2010-07-19,0.005598124140737237
2010-07-20,0.007438162676924875
2010-07-21,-0.010696982197388683
2010-07-22,0.0199366529242051
2010-07-23,0.00991254875197467
2010-07-26,0.00967033801068684
2010-07-27,0.0011648645565509597
2010-07-28,-0.0037779151302451686
2010-07-29,-0.002926276571329378
2010-07-30,-0.00011653590627191956
2010-08-02,0.01991598385177129
2010-08-03,-0.0035599257620576585
2010-08-04,0.004141427855543389
2010-08-05,-0.0005102041915037159
2010-08-06,-0.002006645351717462
2010-08-09,0.004241812285914248
2010-08-10,-0.005094053043579905
2010-08-11,-0.024935519177020526
2010-08-12,-0.0056730767757726674
2010-08-13,-0.0016278954524411304
2010-08-16,-0.00011070400369972422
2010-08-17,0.010079567192801564
2010-08-18,0.000931245441025963
2010-08-19,-0.013857178792458402
2010-08-20,-0.00560692459797818
2010-08-23,-0.003838981635904015
2010-08-24,-0.013166365161884408
2010-08-25,0.001953039914485144
2010-08-26,-0.007380671979319131
2010-08-27,0.01650750480962504
2010-08-30,-0.013882844393892313
2010-08-31,0.0004984349978254254
2010-09-01,0.025437556679694273
2010-09-02,0.004930137726585793
2010-09-03,0.012386518052597273
2010-09-07,-0.010264167455108497
2010-09-08,0.004479333410852382
2010-09-09,0.0027178562977769882
2010-09-10,0.004563437720812358
2010-09-13,0.007776182013758293
2010-09-14,-0.0016729403153502576
2010-09-15,0.0043927557164304964
2010-09-16,0.0020902452776980773
2010-09-17,0.0012288540615672527
2010-09-20,0.013741757801694288
2010-09-21,0.0006890888771493575
2010-09-22,-0.00201845914326626
2010-09-23,-0.007159650188313771
2010-09-24,0.018554877959739535
2010-09-27,-0.004440022696326151
2010-09-28,0.004263728214102036
2010-09-29,-0.0021052685673704774
2010-09-30,-0.004358955070133175
2010-10-01,0.003858890232412593
2010-10-04,-0.007240306470005731
2010-10-05,0.017993242565447654
2010-10-06,0.002095138169687427
2010-10-07,-0.0017387771586885314
2010-10-08,0.005288393515064049
2010-10-11,0.00035063888043040947
2010-10-12,0.0009137410999795481
2010-10-13,0.006867236874623872
2010-10-14,-0.0001360660689534443
2010-10-15,-0.002865365592392477
2010-10-18,0.007313722030618308
2010-10-19,-0.014812893581465536
2010-10-20,0.011781954273105688
2010-10-21,0.0034750364866407146
2010-10-22,-0.0012569516562416228
2010-10-25,0.0028286576610827563
2010-10-26,0.00048460908871961195
2010-10-27,-0.0038658717610340343
2010-10-28,-0.0011081960608165797
2010-10-29,0.00040849562201583645
2010-11-01,0.0005513248552397876
2010-11-02,0.005761958558926361
2010-11-03,0.0023604309258011824
2010-11-04,0.01959049087786302
2010-11-05,0.0008080830305992048
2010-11-08,-0.0032541103937222537
2010-11-09,-0.005267874455464838
2010-11-10,0.0009068676052614855
2010-11-11,-0.006510534435028914
2010-11-12,-0.008022573867911276
2010-11-15,0.0008389129151731289
2010-11-16,-0.01593199274588286
2010-11-17,-0.0014169819022996633
2010-11-18,0.01574786440030107
2010-11-19,0.0019961398702943445
2010-11-22,-0.002228731111634019
2010-11-23,-0.012721651473428075
2010-11-24,0.013673898087197989
2010-11-26,-0.008528453515194379
2010-11-29,-0.003550339090249488
2010-11-30,-0.004204545686907757
2010-12-01,0.022693108984587873
2010-12-02,0.009473345886113371
2010-12-03,0.0017319916860596418
2010-12-06,-0.0017483081182508853
2010-12-07,-0.0002666915351109411
2010-12-08,0.0011726483089831152
2010-12-09,-0.00021287352394216974
2010-12-10,0.003540940102020107
2010-12-13,0.0015984914989635168
2010-12-14,0.004198289345229478
2010-12-15,-0.0016616767771472363
2010-12-16,0.0036465555741334033
2010-12-17,-0.0006382851055503069
2010-12-20,-0.0011991304979045436
2010-12-21,0.004794361144144332
2010-12-22,0.002282982248005272
2010-12-23,0.0012111260754388287
2010-12-27,-0.00159501582331667
2010-12-28,0.0017749585650157496
2010-12-29,0.0008500596948393113
2010-12-30,-0.0013525581496037775
2010-12-31,0.0006741569149097959
2011-01-03,0.008053562606356035
2011-01-04,0.0017505044662939895
2011-01-05,0.00271229258412653
2011-01-06,-0.0021820558644517485
2011-01-07,-0.0019277766230964
2011-01-10,-0.0031957488324514394
2011-01-11,0.0029585260867539542
2011-01-12,0.0071591295246278275
2011-01-13,-0.002002477082866161
2011-01-14,0.004728943999558588
2011-01-18,0.004288467872321622
2011-01-19,-0.0010677289289866554
2011-01-20,-0.00021058257345063502
2011-01-21,0.004147917653143374
2011-01-24,0.009154410927950662
2011-01-25,-0.0002778760971091643
2011-01-26,0.0006888092886958574
2011-01-27,0.00036625270774370833
2011-01-28,-0.013855901094044665
2011-01-31,0.005770570874251479
2011-02-01,0.012464797870441524
2011-02-02,0.00015028869798583422
2011-02-03,0.0016849486010581671
2011-02-04,0.0024780265468997698
2011-02-07,0.005745834917832315
2011-02-08,0.005880831811861054
2011-02-09,0.0005508965213081307
2011-02-10,-0.0008659882030308541
2011-02-11,0.003595449940266171
2011-02-14,-0.0004130442997711814
2011-02-15,-0.003386872769760685
2011-02-16,0.005032478425224918
2011-02-17,0.002438906708150279
2011-02-18,0.005935181965302627
2011-02-22,-0.014402098254816864
2011-02-23,-0.008762101043250592
2011-02-24,-0.0030795453970035025
2011-02-25,0.005133214566847455
2011-02-28,0.007904867372523494
2011-03-01,-0.013767022899199954
2011-03-02,0.0007281709902691169
2011-03-03,0.015861736597303944
2011-03-04,-0.007204997353526643
2011-03-07,-0.006561247987336261
2011-03-08,0.010285300939237407
2011-03-09,-0.0001056214077638229
2011-03-10,-0.018707747485816384
2011-03-11,0.004988898095511063
2011-03-14,-0.004254275704749899
2011-03-15,-0.011484904537504614
2011-03-16,-0.020422735090133814
2011-03-17,0.013888386830416488
2011-03-18,0.007128036001729843
2011-03-21,0.015011216197772459
2011-03-22,-0.0014871727610739072
2011-03-23,0.005607095031689102
2011-03-24,0.0069948670858921425
2011-03-25,0.004110755926128418
2011-03-28,-0.0018583309293304096
2011-03-29,0.006651147630991172
2011-03-30,0.00583113794729595
2011-03-31,-0.002500273184878332
2011-04-01,0.004625847943670491
2011-04-04,0.0018834231173547877
2011-04-05,-0.0004943455662361762
2011-04-06,0.0026504650626366644
2011-04-07,-0.0013889230893032734
2011-04-08,-0.002372410109159784
2011-04-11,8.567009156923433e-05
2011-04-12,-0.009492710766879187
2011-04-13,0.000604236278442194
2011-04-14,0.0011539574043504253
2011-04-15,0.004613675710473997
2011-04-18,-0.01136300685260605
2011-04-19,0.005340304097094073
2011-04-20,0.015227342205555772
2011-04-21,0.004211669934813589
2011-04-25,-0.0020878234815824293
2011-04-26,0.00925411149189026
2011-04-27,0.007589288702203323
2011-04-28,0.005700876844620284
2011-04-29,0.0037004822009489846
2011-05-02,-0.0002482018712717249
2011-05-03,1.1665167164442991e-05
2011-05-04,-0.006553163051259192
2011-05-05,-0.010956837533486197
2011-05-06,0.00433642428810499
2011-05-09,0.0036348163877915063
2011-05-10,0.0059663075292313295
2011-05-11,-0.010213669200126896
2011-05-12,0.005216899598411873
2011-05-13,-0.007889928480093844
2011-05-16,-0.0037615783101443423
2011-05-17,-0.00548198685979151
2011-05-18,0.006458518584291362
2011-05-19,0.003593945395542253
2011-05-20,-0.007400073760918113
2011-05-23,-0.010452348298119363
2011-05-24,-0.0020232028407966007
2011-05-25,0.0031118117934221257
2011-05-26,0.0006534749536739604
2011-05-27,0.003129972733971531
2011-05-31,0.010304953146586415
2011-06-01,-0.022247817982639417
2011-06-02,-0.003383997363219482
2011-06-03,-0.00794298113561176
2011-06-06,-0.005044727954874317
2011-06-07,-0.001583992006590429
2011-06-08,-0.0018117426025840988
2011-06-09,0.006259471579758147
2011-06-10,-0.014223447201388018
2011-06-13,8.8646917711932e-05
2011-06-14,0.010302100908027967
2011-06-15,-0.014809478720896663
2011-06-16,0.005400398805793127
2011-06-17,0.0035815600183570773
2011-06-20,0.006332657256774787
2011-06-21,0.009075037449774337
2011-06-22,-0.006590634570285525
2011-06-23,-0.004927458840145671
2011-06-24,-0.00957841493775935
2011-06-27,0.009131406307290257
2011-06-28,0.012050490454665885
2011-06-29,0.005966965901439414
2011-06-30,0.012471630630641606
2011-07-01,0.013567350556974445
2011-07-05,-0.0010251638162807053
2011-07-06,0.004466983314330264
2011-07-07,0.007403021989630165
2011-07-08,-0.004897208851971202
2011-07-11,-0.011964762949708274
2011-07-12,-0.004708222526391359
2011-07-13,0.0035937118666984347
2011-07-14,-0.004362151736656772
2011-07-15,0.00342606645729826
2011-07-18,-0.007577912039046009
2011-07-19,0.01633081015778881
2011-07-20,-0.0012321587841842563
2011-07-21,0.012130217093023754
2011-07-22,-0.0033989787597384913
2011-07-25,-0.0069678482572911316
2011-07-26,-0.0072660569097589
2011-07-27,-0.015898346826303644
2011-07-28,-0.005075321865390947
2011-07-29,-0.007914160643518353
2011-08-01,-0.0008852661911439297
2011-08-02,-0.021913893653917826
2011-08-03,0.0025129564904500246
2011-08-04,-0.04310202739300062
2011-08-05,0.005352460856747232
2011-08-08,-0.055463731644373016
2011-08-09,0.03977112688043327
2011-08-10,-0.04624908900489466
2011-08-11,0.039493615095098855
2011-08-12,0.01128119961775087
2011-08-15,0.01897954830941595
2011-08-16,-0.006703071290246498
2011-08-17,0.0003752697160670504
2011-08-18,-0.03677670261984656
2011-08-19,-0.0157343560054668
2011-08-22,0.00342033608333292
2011-08-23,0.029674783445812203
2011-08-24,0.012879421458086515
2011-08-25,-0.015095316459833308
2011-08-26,0.012082679036540256
2011-08-29,0.02257158909446022
2011-08-30,0.0017938947505253822
2011-08-31,0.004634976714692263
2011-09-01,-0.010329331125093044
2011-09-02,-0.022039322280910323
2011-09-06,-0.008981998796860458
2011-09-07,0.02473769491328337
2011-09-08,-0.010429457376456286
2011-09-09,-0.026884279281761292
2011-09-12,0.006276326847265423
2011-09-13,0.004043849049247594
2011-09-14,0.01268528794051016
2011-09-15,0.016578080180724708
2011-09-16,0.00663945656342646
2011-09-19,-0.009390838187742667
2011-09-20,0.0006710282803195078
2011-09-21,-0.024877627611347486
2011-09-22,-0.035147445449057235
2011-09-23,0.003507638899557408
2011-09-26,0.02528713671254379
2011-09-27,0.013295169866507806
2011-09-28,-0.01606603288747932
2011-09-29,0.012994405071541593
2011-09-30,-0.021570828458952418
2011-10-03,-0.02364804509371099
2011-10-04,0.014397548908009039
2011-10-05,0.01214207800930911
2011-10-06,0.016762407199988782
2011-10-07,-0.0018169019365881223
2011-10-10,0.02972674320617319
2011-10-11,-0.0014763959320958087
2011-10-12,0.008982752888111678
2011-10-13,-0.003535049194495876
2011-10-14,0.014493676360989749
2011-10-17,-0.021253845874678157
2011-10-18,0.015797999473545765
2011-10-19,-0.006256317563737235
2011-10-20,0.003230024083976435
2011-10-21,0.02313418667309075
2011-10-24,0.008877293947982645
2011-10-25,-0.01737507141091399
2011-10-26,0.013874192432365762
2011-10-27,0.02860465547339963
2011-10-28,0.001847934469661583
2011-10-31,-0.022573633216490308
2011-11-01,-0.02484730710969396
2011-11-02,0.01527539981266024
2011-11-03,0.01760974954461103
2011-11-04,-0.005083619414144813
2011-11-07,0.007105707519740712
2011-11-08,0.00843443933894883
2011-11-09,-0.03198303637209243
2011-11-10,0.009584973369358485
2011-11-11,0.021844825083032093
2011-11-14,-0.0061462208848568345
2011-11-15,0.0014222806303894053
2011-11-16,-0.01575461938739875
2011-11-17,-0.01132739345681133
2011-11-18,0.002160418166060385
2011-11-21,-0.02109589864674777
2011-11-22,-0.004640899209977123
2011-11-23,-0.020547734429263942
2011-11-25,-0.002300624954819197
2011-11-28,0.025940924941894483
2011-11-29,0.0028308662898126613
2011-11-30,0.0424078829315917
2011-12-01,-0.0021293443490781883
2011-12-02,-5.078190193907872e-05
2011-12-05,0.006523625986308845
2011-12-06,0.004323072779803816
2011-12-07,0.0038057370892801146
2011-12-08,-0.016289264623086552
2011-12-09,0.015549613416744767
2011-12-12,-0.013367262572651306
2011-12-13,-0.005527580605157456
2011-12-14,-0.010996282340311803
2011-12-15,0.003833820337421079
2011-12-16,-0.0002038957639020067
2011-12-19,-0.00843810150983082
2011-12-20,0.028668438886586545
2011-12-21,0.0003437082223300969
2011-12-22,0.005113274564645831
2011-12-23,0.01021800922070848
2011-12-27,-0.00021558483813244322
2011-12-28,-0.011385194022957346
2011-12-29,0.01116165101561628
2011-12-30,-0.0056547712060838196
2012-01-03,0.014718184800178946
2012-01-04,0.001697132794970635
2012-01-05,-0.0002190053180599616
2012-01-06,-0.004492722851023645
2012-01-09,0.0026513521337625523
2012-01-10,0.0056306820995060125
2012-01-11,-0.0010446966222112941
2012-01-12,0.0017325504061216357
2012-01-13,-0.0039258939495684375
2012-01-17,0.004830978270302211
2012-01-18,0.007761524945104625
2012-01-19,0.0035798138385190192
2012-01-20,0.007644181643024606
2012-01-23,-0.0009166477634237058
2012-01-24,-0.002602153403648333
2012-01-25,0.006555793542788457
2012-01-26,-0.0018982667528270047
2012-01-27,-0.005824268202721861
2012-01-30,-0.0005323898183793307
2012-01-31,-0.0016445361912038603
2012-02-01,0.0066136621473014134
2012-02-02,-0.000868936795302977
2012-02-03,0.012342797086551283
2012-02-06,-0.0013295205679916267
2012-02-07,0.0025745399429553117
2012-02-08,0.0004464909623007607
2012-02-09,0.0005052642938654373
2012-02-10,-0.006922134663929769
2012-02-13,0.005687695413343352
2012-02-14,0.00032936824804030707
2012-02-15,-0.00755769386383065
2012-02-16,0.009633861181933101
2012-02-17,0.003548490062457166
2012-02-21,0.001221657041949653
2012-02-22,-0.002084000093045435
2012-02-23,0.0035568184640060174
2012-02-24,-0.00013401936791657132
2012-02-27,-0.0001109455075934962
2012-02-28,0.0018187637927908895
2012-02-29,-0.004079147258317151
2012-03-01,0.0021795357302840657
2012-03-02,-0.00021028019707225454
2012-03-05,-0.0011374008892865994
2012-03-06,-0.01571103844648003
2012-03-07,0.006127343714045219
2012-03-08,0.005500388277777546
2012-03-09,0.0010907317173545206
2012-03-12,0.0029167654483108763
2012-03-13,0.016819026043021212
2012-03-14,0.0012460387848096666
2012-03-15,0.0044459418814755125
2012-03-16,-0.0015196608332099792
2012-03-19,0.0004919509477945283
2012-03-20,-0.005207253083905461
2012-03-21,-0.0034601094301567326
2012-03-22,-0.0059796397459153106
2012-03-23,0.002651428013233925
2012-03-26,0.012300490404568709
2012-03-27,-0.0033152565304668258
2012-03-28,-0.005419151421526602
2012-03-29,0.001493980364476899
2012-03-30,0.00503731973272159
2012-04-02,0.003969878989164455
2012-04-03,-0.004895808208294272
2012-04-04,-0.009454852770811928
2012-04-05,-0.0011174515765119963
2012-04-09,-0.009996049353101943
2012-04-10,-0.016524893929736217
2012-04-11,0.007035262234895701
2012-04-12,0.014149549967616748
2012-04-13,-0.01054860470925667
2012-04-16,0.005589314609871776
2012-04-17,0.015023886479511361
2012-04-18,-0.006312359231873121
2012-04-19,-0.005267529876656907
2012-04-20,0.005026203285263264
2012-04-23,-0.007835433598461172
2012-04-24,0.005754523269629219
2012-04-25,0.006857646524190741
2012-04-26,0.008700850878351707
2012-04-27,0.0017940311664097486
2012-04-30,-0.001109718508553903
2012-05-01,0.004971412132558584
2012-05-02,-0.0008095293853255248
2012-05-03,-0.0046712267108386385
2012-05-04,-0.012745175139762366
2012-05-07,-0.0022809161906033326
2012-05-08,-0.0058761826460903555
2012-05-09,-0.007503056466558022
2012-05-10,0.0015567048866684807
2012-05-11,-0.0026791359653490776
2012-05-14,-0.009769433872656053
2012-05-15,-0.004989984679114268
2012-05-16,-0.002648052564914405
2012-05-17,-0.012387108236854405
2012-05-18,-0.005875857551408847
2012-05-21,0.01092218050478011
2012-05-22,-0.0001336241037761532
2012-05-23,-0.0005326162849028648
2012-05-24,0.0026887960631458707
2012-05-25,-0.005979361120533211
2012-05-29,0.010105340577869493
2012-05-30,-0.012783877107412134
2012-05-31,-0.002126449021923049
2012-06-01,-0.02217944927071236
2012-06-04,-0.0014119074755872818
2012-06-05,0.0021890085989624275
2012-06-06,0.023651136034513298
2012-06-07,0.0037189513475457403
2012-06-08,0.007482585611381376
2012-06-11,-0.011388196597342803
2012-06-12,0.01309856423986333
2012-06-13,-0.006157239755002375
2012-06-14,0.012446028469413006
2012-06-15,0.009110063079644792
2012-06-18,-0.0019855300899537243
2012-06-19,0.007495773582680387
2012-06-20,-0.0010080367100631094
2012-06-21,-0.01955799128248581
2012-06-22,0.005345339342477828
2012-06-25,-0.010926548577068429
2012-06-26,0.002560231141849334
2012-06-27,0.007366759614467311
2012-06-28,-0.001960084009755003
2012-06-29,0.02204604605913607
2012-07-02,-0.0006754766570027382
2012-07-03,0.005614824991390099
2012-07-05,-0.0036303718788909256
2012-07-06,-0.009630408544456959
2012-07-09,-0.002832631499607219
2012-07-10,-0.0065301512449857935
2012-07-11,-0.0038401437444666175
2012-07-12,-0.0024801241502826477
2012-07-13,0.016210604568684284
2012-07-16,-0.0039038467116354614
2012-07-17,0.006154530333042585
2012-07-18,0.008055903929080621
2012-07-19,0.0026850263359590176
2012-07-20,-0.00933220556850134
2012-07-23,-0.007885337934158243
2012-07-24,-0.008186143728785789
2012-07-25,0.004654672989477859
2012-07-26,0.016714978510103284
2012-07-27,0.014566381441388554
2012-07-30,-0.00020269722212573615
2012-07-31,-0.00492083315045011
2012-08-01,-0.002502160153885602
2012-08-02,-0.007494530399237087
2012-08-03,0.016871808859713067
2012-08-06,0.0016294764166124853
2012-08-07,0.0038947788703005415
2012-08-08,0.0005346050615739895
2012-08-09,-0.000793069658645007
2012-08-10,0.003247943911240281
2012-08-13,-0.0029164631465674606
2012-08-14,0.00020577200848714838
2012-08-15,-0.0005587019439119434
2012-08-16,0.006481695710485846
2012-08-17,0.0018935540340856427
2012-08-20,-0.00026821441080782105
2012-08-21,-0.005128190792643372
2012-08-22,-0.002334238120765386
2012-08-23,-0.008752896260964316
2012-08-24,0.0076974924679071854
2012-08-27,-0.0025307703816949134
2012-08-28,-0.001651828210932793
2012-08-29,0.0003426927694718529
2012-08-30,-0.008145768364866246
2012-08-31,0.006932682907318188
2012-09-04,-0.004193726364293271
2012-09-05,0.0008852525898324082
2012-09-06,0.018740744621154937
2012-09-07,0.0011013842913030203
2012-09-10,-0.003934096178572322
2012-09-11,0.005211173137150249
2012-09-12,0.0007497507910991796
2012-09-13,0.015488291104284846
2012-09-14,0.003952012681017081
2012-09-17,-0.0029625103784969298
2012-09-18,0.0008514657414604443
2012-09-19,0.0009819943907687367
2012-09-20,0.0013970949980706138
2012-09-21,-0.001284113427460043
2012-09-24,-0.001513299153353409
2012-09-25,-0.007476266601442183
2012-09-26,-0.003272512504468028
2012-09-27,0.005402008950707193
2012-09-28,-0.0036215267486474634
2012-10-01,0.005803359838026045
2012-10-02,-0.002423213649812239
2012-10-03,0.0009085946107774134
2012-10-04,0.0059838704198529324
2012-10-05,0.002562731225905557
2012-10-08,-0.001947076205711884
2012-10-09,-0.008106811995102547
2012-10-10,-0.009541716026719493
2012-10-11,-0.001392292408127327
2012-10-12,0.00018459613397459051
2012-10-15,0.007155973910906832
2012-10-16,0.009501460809988371
2012-10-17,0.00038516710605174254
2012-10-18,-0.0005944973076639215
2012-10-19,-0.015162115555545586
2012-10-22,0.0001783488778941411
2012-10-23,-0.018234775447265816
2012-10-24,-0.0019225675822326371
2012-10-25,0.0020141634615933324
2012-10-26,0.0002694128733931045
2012-10-31,-0.0008201592863774643
2012-11-01,0.010396710256054043
2012-11-02,-0.010539099509098704
2012-11-05,0.0014725398380139865
2012-11-06,0.01016128927457327
2012-11-07,-0.023626511216332746
2012-11-08,-0.009387824172165327
2012-11-09,0.00031763314824018174
2012-11-12,-2.4150650870691237e-05
2012-11-13,-0.00459617884089536
2012-11-14,-0.01452076596255547
2012-11-15,-0.0022727239823127077
2012-11-16,0.0036619605183543236
2012-11-19,0.016495495153693973
2012-11-20,-0.0005822306415461664
2012-11-21,0.003783067828591058
2012-11-23,0.013448795259561885
2012-11-26,-0.0032407165383980807
2012-11-27,-0.006881904296076158
2012-11-28,0.008307145589516063
2012-11-29,0.00282707646444047
2012-11-30,0.0002887307544858775
2012-12-03,-0.004604823703782679
2012-12-04,-0.001065843495583474
2012-12-05,0.006385986951924938
2012-12-06,0.0030342421830966693
2012-12-07,0.006202359790852707
2012-12-10,0.0011212356025462888
2012-12-11,0.005965164496298803
2012-12-12,-0.00022570203810556855
2012-12-13,-0.005641975083640394
2012-12-14,-0.002711309694032882
2012-12-17,0.0076421564603630365
2012-12-18,0.008731922783746349
2012-12-19,-0.007414470569906517
2012-12-20,0.004508763704764496
2012-12-21,-0.009080712539342284
2012-12-24,-0.0039353142625535575
2012-12-26,-0.0018525024911276722
2012-12-27,-0.0013938827122140784
2012-12-28,-0.012079677774263997
2012-12-31,0.01283256942992228
2013-01-02,0.023535326195700756
2013-01-03,-0.0015798189245120886
2013-01-04,0.003274469410889713
2013-01-07,-0.00379004124237714
2013-01-08,-0.004142199548874181
2013-01-09,0.004626070655039838
2013-01-10,0.006027395611181374
2013-01-11,0.00127753836573552
2013-01-14,0.0014005040186404472
2013-01-15,0.002041063614964367
2013-01-16,-0.0017480083472568575
2013-01-17,0.006275446192706147
2013-01-18,0.003948265887673941
2013-01-22,0.004579573110331081
2013-01-23,0.004894914824087548
2013-01-24,0.0033383335522239044
2013-01-25,0.005110214330434015
2013-01-28,-0.0010111413152888993
2013-01-29,0.005221910899030124
2013-01-30,-0.0031531228324296334
2013-01-31,-0.0035829112534555563
2013-02-01,0.010765054487149595
2013-02-04,-0.009258518507415325
2013-02-05,0.007148352119380252
2013-02-06,0.0005164564823196827
2013-02-07,-0.0030364737989319046
2013-02-08,0.0035082992890629328
2013-02-11,-0.0015528869472217766
2013-02-12,0.0033969783154970123
2013-02-13,-0.0025530184317658078
2013-02-14,-0.0006808740000346925
2013-02-15,0.0005990099925361481
2013-02-19,0.0038557449685268086
2013-02-20,-0.007703935812853446
2013-02-21,-0.003368857673358039
2013-02-22,0.00864155917645193
2013-02-25,-0.015456541795300871
2013-02-26,0.008412548658443209
2013-02-27,0.012607090815748512
2013-02-28,-0.0014834352384097693
2013-03-01,0.00250240311100014
2013-03-04,0.0027083761750335
2013-03-05,0.008914977493025056
2013-03-06,0.0029796118142642047
2013-03-07,0.0023257863280725655
2013-03-08,0.004716155219534501
2013-03-11,0.0034881888435316366
2013-03-12,0.00019170377281829687
2013-03-13,0.00036129262747119917
2013-03-14,0.005801291864260927
2013-03-15,-0.0017215048956542578
2013-03-18,-0.004275205182399544
2013-03-19,0.00026021896560668445
2013-03-20,0.003867660142399476
2013-03-21,-0.006218438248973834
2013-03-22,0.0062781376088305585
2013-03-25,-0.004429449130904928
2013-03-26,0.007745178314962464
2013-03-27,-0.0023002063291299724
2013-03-28,0.003605894419366207
2013-04-01,-0.00039032715210174374
2013-04-02,0.006118240594481961
2013-04-03,-0.0076156135156859595
2013-04-04,0.0038322653085942626
2013-04-05,-0.002797486728568055
2013-04-08,0.003311340347745384
2013-04-09,0.004104395253409887
2013-04-10,0.008776403111467879
2013-04-11,0.004249316262277647
2013-04-12,-5.381718715891104e-06
2013-04-15,-0.017884852611018243
2013-04-16,0.010793748824678762
2013-04-17,-0.009364542751917226
2013-04-18,-0.005571686538464848
2013-04-19,0.000713359043480466
2013-04-22,0.0013514409180876985
2013-04-23,0.010454336775463702
2013-04-24,-0.00293218637096726
2013-04-25,0.0016693581034641358
2013-04-26,0.0007992762407389442
2013-04-29,0.007218340902404252
2013-04-30,0.0014204841838887372
2013-05-01,-0.00935656827391984
2013-05-02,0.008885813380960839
2013-05-03,0.009599779594623215
2013-05-06,-0.0003386145014411257
2013-05-07,0.005832804057823937
2013-05-08,0.0032491531296190423
2013-05-09,-0.0014895611455615354
2013-05-10,0.002378240634729023
2013-05-13,-0.0017733582947323523
2013-05-14,0.008187975258976632
2013-05-15,0.003972356681618772
2013-05-16,-0.002780280228774412
2013-05-17,0.007955028706111422
2013-05-20,-0.0012452521428319985
2013-05-21,0.0034104234795107047
2013-05-22,-0.005225655982125432
2013-05-23,-0.0008277101569246215
2013-05-24,0.0005622674817744588
2013-05-28,0.006945651716205425
2013-05-29,-0.006917198069935182
2013-05-30,0.0014200342606585092
2013-05-31,-0.013635654464398184
2013-06-03,0.00916009103540083
2013-06-04,-0.005014432153055304
2013-06-05,-0.014294160977338932
2013-06-06,0.005349408082828466
2013-06-07,0.013795973744460177
2013-06-10,-0.0006250147518185312
2013-06-11,-0.00764967766243041
2013-06-12,-0.008384396012715123
2013-06-13,0.01206047482897965
2013-06-14,-0.006978112879095777
2013-06-17,0.00727727885023155
2013-06-18,0.009116091637693113
2013-06-19,-0.013450646274058897
2013-06-20,-0.02341620179692816
2013-06-21,0.0027835213740414755
2013-06-24,-0.009449085518356548
2013-06-25,0.006872648479835597
2013-06-26,0.010150871090129465
2013-06-27,0.007669317864736902
2013-06-28,-0.007646888411561581
2013-07-01,0.004383779695867895
2013-07-02,-0.002841396571342969
2013-07-03,0.0037475463940843667
2013-07-05,0.009838941727226214
2013-07-08,0.005870212764804705
2013-07-09,0.004968862946467478
2013-07-10,-0.0005672815188064728
2013-07-11,0.011068758904281717
2013-07-12,0.00021860924329608622
2013-07-15,0.001290714759681455
2013-07-16,-0.0020931061877430546
2013-07-17,0.001208263119516717
2013-07-18,0.0050431725967574614
2013-07-19,-0.0003086977941337832
2013-07-22,0.0001164198562710883
2013-07-23,0.0014274438849373183
2013-07-24,-0.0016380026691349414
2013-07-25,0.0008602492194142997
2013-07-26,0.0002069799845334508
2013-07-29,-0.0023690984324071795
2013-07-30,-8.889979987525276e-05
2013-07-31,-0.0013562500053959647
2013-08-01,0.00828924600342984
2013-08-02,0.0019414424201351643
2013-08-05,-0.0029524483291366588
2013-08-06,-0.0059818679833044675
2013-08-07,-0.0030975645819497633
2013-08-08,0.0017872787784063426
2013-08-09,-0.0046979607202981555
2013-08-12,-0.0003779518521973557
2013-08-13,0.0020318256027067605
2013-08-14,-0.007336064209861548
2013-08-15,-0.014700403911673599
2013-08-16,-0.002032842307227667
2013-08-19,-0.004689828074249225
2013-08-20,-0.0005162969911370885
2013-08-21,-0.00702795899979991
2013-08-22,0.004443039351343492
2013-08-23,0.0031255287364584383
2013-08-26,-0.0042669969810086306
2013-08-27,-0.011396016180419966
2013-08-28,0.003274192926525421
2013-08-29,0.0011090012568240049
2013-08-30,-0.002064598262717654
2013-09-03,0.0015968876167178347
2013-09-04,0.00653298916809808
2013-09-05,0.0004427337426236022
2013-09-06,-0.0010028799702868074
2013-09-09,0.009423360696934058
2013-09-10,0.008493559046906851
2013-09-11,0.008922353250460535
2013-09-12,-0.0016937873160071115
2013-09-13,0.004929205704577111
2013-09-16,0.007721139426384527
2013-09-17,0.0022556112008893514
2013-09-18,0.009479230821165974
2013-09-19,-0.002576433855677518
2013-09-20,-0.011860672742525447
2013-09-23,-0.00321724232034426
2013-09-24,-0.00433663090149472
2013-09-25,-0.003999454879451636
2013-09-26,0.003603683871075125
2013-09-27,-0.004570604758135088
2013-09-30,-0.008426286276447481
2013-10-01,0.0040999109967361225
2013-10-02,-0.003854775912441877
2013-10-03,-0.009030452610111483
2013-10-04,0.005074497312886228
2013-10-07,-0.009045558165585721
2013-10-08,-0.010692777958940414
2013-10-09,0.0017900142633620053
2013-10-10,0.021825996460645092
2013-10-11,0.007340974740808859
2013-10-14,0.004210076472242363
2013-10-15,-0.008708433275539829
2013-10-16,0.013569367551437006
2013-10-17,-0.00014177989387298418
2013-10-18,0.001821535051304668
2013-10-21,-0.0004837902034452446
2013-10-22,0.004902483012142689
2013-10-23,-0.0035124963502883855
2013-10-24,0.006220583052328088
2013-10-25,0.003937679611018208
2013-10-28,-8.674217637560933e-05
2013-10-29,0.007156554891502909
2013-10-30,-0.003927833343715714
2013-10-31,-0.004674494065783574
2013-11-01,0.0044899602785326564
2013-11-04,0.0015094121117655845
2013-11-05,-0.001336417897321529
2013-11-06,0.008237827516282215
2013-11-07,-0.00970982194383796
2013-11-08,0.010760549559492016
2013-11-11,0.0013525946685095658
2013-11-12,-0.002054710470179022
2013-11-13,0.004505205204001994
2013-11-14,0.003450327200486436
2013-11-15,0.005384184750227394
2013-11-18,0.0008971036807219335
2013-11-19,-0.0005626683167230251
2013-11-20,-0.0041466696534046
2013-11-21,0.006865677238047985
2013-11-22,0.0034215698645461146
2013-11-25,0.00048369819436255845
2013-11-26,1.6164215488112532e-05
2013-11-27,0.0015261995610744705
2013-11-29,-0.0006783671535690594
2013-12-02,-0.0048264776935751375
2013-12-03,-0.005881114098119755
2013-12-04,-0.0015614950180306009
2013-12-05,-0.004295826947017689
2013-12-06,0.012558245231437892
2013-12-09,0.00033271119795386106
2013-12-10,-0.003269807552016002
2013-12-11,-0.008113600829102396
2013-12-12,-0.0065705431825380245
2013-12-13,0.0010121523018078449
2013-12-16,0.008201012018741238
2013-12-17,-0.0005861348355139517
2013-12-18,0.01843811715131749
2013-12-19,0.0006871858499337691
2013-12-20,0.002599622459375839
2013-12-23,0.0045293241912547355
2013-12-24,0.0038625900500204313
2013-12-26,0.007478571148840318
2013-12-27,-8.924214980232659e-05
2013-12-30,0.0015704731030425911
2013-12-31,0.00438498741518023
2014-01-02,-0.008162717843489209
2014-01-03,0.0017419859498637447
2014-01-06,-0.0027255996788631
2014-01-07,0.006443790453483755
2014-01-08,-0.004125554993411051
2014-01-09,-0.001092187556965829
2014-01-10,-0.0004687815507039561
2014-01-13,-0.010896747973791143
2014-01-14,0.007130054431740973
2014-01-15,0.006600709750768319
2014-01-16,-0.003939445354716908
2014-01-17,0.0025309542058018497
2014-01-21,-0.0026807326193563075
2014-01-22,-0.0025038747134802364
2014-01-23,-0.010748582888385427
2014-01-24,-0.019647609507669084
2014-01-27,-0.0025965245508967616
2014-01-28,0.005725494862478531
2014-01-29,-0.01191379539428028
2014-01-30,0.006977690152800697
2014-01-31,-0.009449459367112722
2014-02-03,-0.020769025011870834
2014-02-04,0.0047122450654695225
2014-02-05,-0.00032435235290162456
2014-02-06,0.012195400839385195
2014-02-07,0.010592793872626682
2014-02-10,0.00048815125358281364
2014-02-11,0.012212508836024316
2014-02-12,-0.001927448845074009
2014-02-13,0.003987073266698005
2014-02-14,0.007911345472542575
2014-02-18,-0.0014849957561998695
2014-02-19,-0.0055696571549457285
2014-02-20,0.005777285974486679
2014-02-21,-0.0018552205028000701
2014-02-24,0.006448355386142746
2014-02-25,-0.0016955120199001472
2014-02-26,0.0011588624092364608
2014-02-27,0.0045831781689291695
2014-02-28,0.003014849996408664
2014-03-03,-0.009415661716817625
2014-03-04,0.014092662852073001
2014-03-05,-0.0021774493372905823
2014-03-06,0.003772018469943683
2014-03-07,0.001877378235609628
2014-03-10,-0.0020690195026529246
2014-03-11,-0.004106889301214722
2014-03-12,-0.0006831220854675024
2014-03-13,-0.014148676052083697
2014-03-14,-0.0026829720156502646
2014-03-17,0.011300481158273978
2014-03-18,0.005476056928066297
2014-03-19,-0.006979626045494625
2014-03-20,0.006711796305375994
2014-03-21,-0.0017316890430399967
2014-03-24,-0.001599672988077283
2014-03-25,0.005602459576180108
2014-03-26,-0.006041692669067067
2014-03-27,-0.00029256271849009696
2014-03-28,0.0036170847431116204
2014-03-31,0.008246039853949894
2014-04-01,0.004554061700702938
2014-04-02,0.002443086812418116
2014-04-03,-2.7104326313809324e-05
2014-04-04,-0.009644858050457894
2014-04-07,-0.010165340815209145
2014-04-08,0.0006321298851208468
2014-04-09,0.011136721537504446
2014-04-10,-0.016241229023005732
2014-04-11,-0.008872464484820819
2014-04-14,0.009140355967367064
2014-04-15,0.005522665767370594
2014-04-16,0.009979363888080739
2014-04-17,-0.0009930380123541749
2014-04-21,0.0024810801102943536
2014-04-22,0.003958788394607726
2014-04-23,-0.0007701596060367688
2014-04-24,0.0
2014-04-25,-0.008495538119023482
2014-04-28,0.005334499488432121
2014-04-29,0.005266597863829103
2014-04-30,0.0027499053528838857
2014-05-01,-0.0013250655735785877
2014-05-02,-0.002776669090282291
2014-05-05,0.0010694796221808467
2014-05-06,-0.007835873200305099
2014-05-07,0.007165383834828232
2014-05-08,0.0019633455358045726
2014-05-09,0.001955722149879602
2014-05-12,0.006761659674850318
2014-05-13,0.0011960609172880776
2014-05-14,-0.006070363869283724
2014-05-15,-0.01006142378715058
2014-05-16,0.002705691781394348
2014-05-19,0.0012460440909169979
2014-05-20,-0.008330364053366401
2014-05-21,0.00969512021441199
2014-05-22,0.0006060341943343595
2014-05-23,0.0038196877255038952
2014-05-27,0.004168937520856231
2014-05-28,-0.002537872927348417
2014-05-29,0.003941549432066704
2014-05-30,0.0011036581070948959
2014-06-02,0.0015828636161674403
2014-06-03,-0.0012715939647235386
2014-06-04,0.0009083358059736035
2014-06-05,0.005889764148165
2014-06-06,0.00523695219039122
2014-06-09,0.0011120296271642793
2014-06-10,0.00016645714577512294
2014-06-11,-0.006021449446364957
2014-06-12,-0.006512240299680561
2014-06-13,0.0024829825191114985
2014-06-16,0.0003141202675516208
2014-06-17,0.0016375891753546146
2014-06-18,0.005838055579792556
2014-06-19,0.0008778691891153656
2014-06-20,0.0015140063940932702
2014-06-23,-0.0005794685539959321
2014-06-24,-0.007033540336908506
2014-06-25,0.0029360515917973284
2014-06-26,-0.0012674603574263088
2014-06-27,0.00033888493648115414
2014-06-30,-0.001497771181043439
2014-07-01,0.007694406658371955
2014-07-02,0.001189538592559325
2014-07-03,0.005420493520114089
2014-07-07,-0.0025807493274739857
2014-07-08,-0.006907327493223092
2014-07-09,0.004672152340617908
2014-07-10,-0.004152874256015959
2014-07-11,0.0016990884158489816
2014-07-14,0.0065870307036306475
2014-07-15,0.00030839463530307754
2014-07-16,0.0045437521460529595
2014-07-17,-0.009416899530494405
2014-07-18,0.007266924490910709
2014-07-21,-0.002833256775658266
2014-07-22,0.0036247699317086823
2014-07-23,-0.001572334035804479
2014-07-24,-0.00016563241850087174
2014-07-25,-0.007213295299018041
2014-07-28,0.0012982759194131166
2014-07-29,-0.004150156179359654
2014-07-30,-0.0018773530403014549
2014-07-31,-0.018782692505942777
2014-08-01,-0.004222087182042866
2014-08-04,0.004602467788100251
2014-08-05,-0.00843782022553008
2014-08-06,0.0008441598791129046
2014-08-07,-0.004565392487966502
2014-08-08,0.011342689586092192
2014-08-11,0.0009696066306237316
2014-08-12,-0.0005697894454371744
2014-08-13,0.005510792821955768
2014-08-14,0.003710067201860623
2014-08-15,-0.0030316604639362144
2014-08-18,0.010552178334370499
2014-08-19,0.00480140432358489
2014-08-20,0.0035190628557673076
2014-08-21,0.0035549110467132383
2014-08-22,-0.002245929869427621
2014-08-25,0.004449586375877113
2014-08-26,0.0017468131790034924
2014-08-27,0.000895006092116235
2014-08-28,-0.0024786517760315707
2014-08-29,0.0011053498225304104
2014-09-02,-0.00180652055860131
2014-09-03,0.0006280217960850099
2014-09-04,-0.0005093721590557765
2014-09-05,0.003970765514027086
2014-09-08,-0.0015136229213935648
2014-09-09,-0.005700917899864155
2014-09-10,0.003223358524605091
2014-09-11,-0.0011547972260751438
2014-09-12,-0.0036066748782920266
2014-09-15,0.0025684046993161846
2014-09-16,0.005920337478747761
2014-09-17,0.0014521913699045985
2014-09-18,0.006361342702450479
2014-09-19,0.0007963632459375702
2014-09-22,-0.006195723938025366
2014-09-23,-0.006802118367117749
2014-09-24,0.009040371915143286
2014-09-25,-0.015354954737085258
2014-09-26,0.009875579323462613
2014-09-29,-0.002450145006614113
2014-09-30,-0.0016589499074312064
2014-10-01,-0.013975878190310875
2014-10-02,-0.00021780202121757242
2014-10-03,0.012418193509658337
2014-10-06,-0.0010452454173253134
2014-10-07,-0.016038196812033556
2014-10-08,0.0164378060525725
2014-10-09,-0.019710859704205275
2014-10-10,-0.006912099884448519
2014-10-13,-0.013480896838894862
2014-10-14,-0.00036026436329972267
2014-10-15,-0.010631209060238733
2014-10-16,-0.0015178041336584291
2014-10-17,0.016328477874270275
2014-10-20,0.0011757764161486328
2014-10-21,0.013118593319978888
2014-10-22,-0.009238155319315822
2014-10-23,0.013156909412667117
2014-10-24,0.007645434793458694
2014-10-27,0.0007455515724337225
2014-10-28,0.011167271710068816
2014-10-29,-0.0018487570380606444
2014-10-30,0.01302611967655487
2014-10-31,0.011346021273955564
2014-11-03,-0.0013961227552746758
2014-11-04,0.0010134375545491903
2014-11-05,0.005792132299792474
2014-11-06,0.00400018775455413
2014-11-07,0.0011084925505613352
2014-11-10,0.002265315764862663
2014-11-11,6.586903104199848e-05
2014-11-12,-0.00015334744668782374
2014-11-13,0.0023046468836216416
2014-11-14,-0.0010224389980392212
2014-11-17,0.0007377369812342494
2014-11-18,0.0022705614030116283
2014-11-19,-0.00011814909720664346
2014-11-20,0.0018811493254404787
2014-11-21,0.005139144421242747
2014-11-24,0.00044019502348113804
2014-11-25,-0.0001661755837404355
2014-11-26,0.0007190874827276428
2014-11-28,2.7496459171771903e-05
2014-12-01,-0.0028852763605911047
2014-12-02,0.005780005140182398
2014-12-03,0.0018495039595736174
2014-12-04,-0.0006989206843570628
2014-12-05,0.0032787247731291824
2014-12-08,-0.005919586193035675
2014-12-09,-0.0028725027874979547
2014-12-10,-0.015057906885284522
2014-12-11,0.003603995777051061
2014-12-12,-0.017930416415350314
2014-12-15,-0.0057861977359523475
2014-12-16,-0.0065171843346099045
2014-12-17,0.01687282258201872
2014-12-18,0.02427173343146305
2014-12-19,0.0014990535798371507
2014-12-22,0.008685224942252656
2014-12-23,0.0036042550214332447
2014-12-24,0.0003351610661412874
2014-12-26,0.0013033680044196583
2014-12-29,-0.0008574636032305794
2014-12-30,-0.0030579607018549337
2014-12-31,-0.008897257105200729
2015-01-02,0.0005565763829142867
2015-01-05,-0.018580159372262872
2015-01-06,-0.007428430863868685
2015-01-07,0.01225439236867465
2015-01-08,0.018388310240720518
2015-01-09,-0.009520954115082247
2015-01-12,-0.005442143051530568
2015-01-13,-0.001539614911077014
2015-01-14,-0.010593465032749494
2015-01-15,-0.006104226306333893
2015-01-16,0.011019143561826983
2015-01-20,0.00020901609263468401
2015-01-21,0.002229419704182334
2015-01-22,0.014794181838043485
2015-01-23,-0.007936513683732827
2015-01-26,0.00034514446872879745
2015-01-27,-0.016488107903323668
2015-01-28,-0.011263554639461937
2015-01-29,0.01311591291469627
2015-01-30,-0.01446302895099938
2015-02-02,0.011423855539287153
2015-02-03,0.017588883835875757
2015-02-04,0.00037467168467442136
2015-02-05,0.011987843956150268
2015-02-06,-0.0033878783056362494
2015-02-09,-0.005334193103948448
2015-02-10,0.007871128658072601
2015-02-11,-0.00037043421446636415
2015-02-12,0.0061717294958478774
2015-02-13,0.0026133821813225655
2015-02-17,0.0015666769681852433
2015-02-18,-0.0009824308800268078
2015-02-19,-0.0024448401388773577
2015-02-20,0.008599576459600522
2015-02-23,-0.0013009442246423308
2015-02-24,0.0050974508258332385
2015-02-25,0.0008446724111470516
2015-02-26,-0.0005569623773241661
2015-02-27,-0.004486593613667655
2015-03-02,0.008599475361064979
2015-03-03,-0.004662011085805218
2015-03-04,-0.005848845860077723
2015-03-05,0.0021451353072596824
2015-03-06,-0.015380772819246324
2015-03-09,0.007780876812427451
2015-03-10,-0.01849224076921807
2015-03-11,-0.0015597007508292293
2015-03-12,0.01473344741227356
2015-03-13,-0.008153584828378357
2015-03-16,0.012851733029291434
2015-03-17,-0.007138944337613307
2015-03-18,0.012723871411165932
2015-03-19,-0.006481465576580803
2015-03-20,0.009389210139548076
2015-03-23,-0.0006405297842679847
2015-03-24,-0.005790366173365258
2015-03-25,-0.016245584135854085
2015-03-26,-0.0022749392471075325
2015-03-27,0.0019475761445693074
2015-03-30,0.01488485055452049
2015-03-31,-0.011136400876030739
2015-04-01,-0.004384500326620744
2015-04-02,0.0036761125213344847
2015-04-06,0.006620942951613085
2015-04-07,-0.00030366006769610987
2015-04-08,0.0015154832810388985
2015-04-09,0.00314038090905
2015-04-10,0.0055081788771202955
2015-04-13,-0.004464107910738813
2015-04-14,0.0033186833308938013
2015-04-15,0.004208652545472535
2015-04-16,-0.0003776319495965019
2015-04-17,-0.015435339547429816
2015-04-20,0.011703432043511874
2015-04-21,-0.00473192307480963
2015-04-22,0.00494048616085907
2015-04-23,0.0011320376380894448
2015-04-24,0.0011878547443875398
2015-04-27,-0.002332387835523697
2015-04-28,0.004000998848501025
2015-04-29,-0.004119863100345067
2015-04-30,-0.010812535454670535
2015-05-01,0.010287873063337782
2015-05-04,0.0025710022444720426
2015-05-05,-0.007869288828818655
2015-05-06,-0.004809111000953048
2015-05-07,0.004600386151077718
2015-05-08,0.014898906416880298
2015-05-11,-0.004724258323684283
2015-05-12,-0.0020402680672994
2015-05-13,-0.00042839280802853263
2015-05-14,0.010617098311096695
2015-05-15,0.001113304437008189
2015-05-18,0.0014404330471364801
2015-05-19,0.0007382801207258538
2015-05-20,-0.0014738763818198386
2015-05-21,1.8583131491167748e-05
2015-05-22,-0.002937846617770634
2015-05-26,-0.010447575486632
2015-05-27,0.0067317482908095805
2015-05-28,-0.0020300126572770916
2015-05-29,-0.006368677120741184
2015-06-01,0.001648433068297761
2015-06-02,-0.0015758879345766363
2015-06-03,0.0035715198799106673
2015-06-04,-0.00944273374547766
2015-06-05,-0.003134173798703177
2015-06-08,-0.004644963815125469
2015-06-09,-0.00014137240414713315
2015-06-10,0.013305605705405066
2015-06-11,0.002164879621233462
2015-06-12,-0.007790144944703092
2015-06-15,-0.006015468108720667
2015-06-16,0.006368923496144152
2015-06-17,0.0017459149401177765
2015-06-18,0.010041380951760326
2015-06-19,-0.005513992235678833
2015-06-22,0.005763232280872499
2015-06-23,0.0013405792420442264
2015-06-24,-0.009810367632890005
2015-06-25,-0.004214104628099902
2015-06-26,0.0031480809714756752
2015-06-29,-0.01952060803759703
2015-06-30,0.0013161934450311996
2015-07-01,0.007854951787591657
2015-07-02,-0.0015655445762979836
2015-07-06,-0.0026243098082633365
2015-07-07,0.005277783088730947
2015-07-08,-0.014709547219291075
2015-07-09,0.0018954270117155225
2015-07-10,0.012068818565900585
2015-07-13,0.012233360465965015
2015-07-14,0.004221924145194178
2015-07-15,-0.00018889328216942225
2015-07-16,0.003882517471483604
2015-07-17,-0.0018653605772547266
2015-07-20,0.0007719038626996522
2015-07-21,-0.010006463831410684
2015-07-22,-0.0038087448457986284
2015-07-23,-0.006672956085788884
2015-07-24,-0.009214490078990445
2015-07-27,-0.007282311331546554
2015-07-28,0.010875761781863336
2015-07-29,0.006870065145629267
2015-07-30,-0.0003047704893608394
2015-07-31,-0.0031624682558396566
2015-08-03,-0.00518151093953878
2015-08-04,-0.0026996910002018426
2015-08-05,-0.000582244931174869
2015-08-06,-0.006882409375707388
2015-08-07,-0.0026618694298138346
2015-08-10,0.013917210552840675
2015-08-11,-0.012053820724147513
2015-08-12,-1.896242244336932e-05
2015-08-13,0.00032984897385324174
2015-08-14,0.003972277512099165
2015-08-17,0.0038781110719419143
2015-08-18,-0.0019287291768234072
2015-08-19,-0.009285942815180803
2015-08-20,-0.020637878950278243
2015-08-21,-0.03124884955375118
2015-08-24,-0.03574783335105336
2015-08-25,-0.012910634896480366
2015-08-26,0.03951563879182163
2015-08-27,0.02267412592757756
2015-08-28,-0.0007060860253874646
2015-08-31,-0.0069085941414275265
2015-09-01,-0.02841720398619796
2015-09-02,0.01824784659066081
2015-09-03,0.0014298426275325404
2015-09-04,-0.016634131024016563
2015-09-08,0.024238640649634657
2015-09-09,-0.014497910851927864
2015-09-10,0.004726967588161379
2015-09-11,0.006288235284175991
2015-09-14,-0.0037807740818164293
2015-09-15,0.013981440306494175
2015-09-16,0.008439811406483866
2015-09-17,-0.0038954120601512043
2015-09-18,-0.017401176661211215
2015-09-21,0.007666317918028298
2015-09-22,-0.010885386869726732
2015-09-23,-0.0030972838460365804
2015-09-24,-0.004826156806370552
2015-09-25,0.006996318688915926
2015-09-28,-0.019171721028814703
2015-09-29,0.002952170098711404
2015-09-30,0.014678072983881796
2015-10-01,-0.0007792836124793645
2015-10-02,0.012313125573461647
2015-10-05,0.018458826302040654
2015-10-06,0.0008201864309662632
2015-10-07,0.007272079925006336
2015-10-08,0.008186999357762792
2015-10-09,0.001978810316261681
2015-10-12,0.0027726434588022375
2015-10-13,-0.0029167178432484286
2015-10-14,-0.009199251047773305
2015-10-15,0.012821459696598092
2015-10-16,0.00432982046757191
2015-10-19,0.0008462142654552807
2015-10-20,-0.0007794126418250169
2015-10-21,-0.0028169653147467333
2015-10-22,0.01867074918717626
2015-10-23,0.009007808162223796
2015-10-26,-0.0013401033095185033
2015-10-27,-0.0023617420429838942
2015-10-28,0.011266990420011114
2015-10-29,-0.001334046175994641
2015-10-30,-0.005196144124347213
2015-11-02,0.00935377101183521
2015-11-03,0.005013842858548001
2015-11-04,-0.0028222946493405843
2015-11-05,-0.00023228663180852038
2015-11-06,0.002625498058751674
2015-11-09,-0.010041668634571788
2015-11-10,0.0015639959672832937
2015-11-11,-0.0031529189688808135
2015-11-12,-0.014356978387463082
2015-11-13,-0.011624786954234079
2015-11-16,0.01378754933201809
2015-11-17,0.00037122898598385135
2015-11-18,0.014160507733211203
2015-11-19,-0.0002486418316275385
2015-11-20,0.005135159521224786
2015-11-23,-0.0017465849965134783
2015-11-24,0.0010965071214090738
2015-11-25,6.74313508735036e-05
2015-11-27,0.0
2015-11-30,-0.005247215541324124
2015-12-01,0.009505105042828088
2015-12-02,-0.008870013363334595
2015-12-03,-0.014214007487117764
2015-12-04,0.021167638599239202
2015-12-07,-0.00656227712553159
2015-12-08,-0.009165545820910337
2015-12-09,-0.00430892531876137
2015-12-10,0.004713456562557949
2015-12-11,-0.01761271710835155
2015-12-14,0.005982498597801866
2015-12-15,0.009005394823962787
2015-12-16,0.012792054135604358
2015-12-17,-0.014268337298062428
2015-12-18,-0.020992933417234405
2015-12-21,0.0071849802961729825
2015-12-22,0.00960202048513814
2015-12-23,0.010641157042440064
2015-12-24,-0.0028654558454270784
2015-12-28,-0.0013616777946071634
2015-12-29,0.010994296955555205
2015-12-30,-0.006608629810297528
2015-12-31,-0.01015911894050614
2016-01-04,-0.01584443820705639
2016-01-05,0.0005668397162401639
2016-01-06,-0.014695226612156942
2016-01-07,-0.023210597849119496
2016-01-08,-0.010151894687616014
2016-01-11,0.0031884659581931096
2016-01-12,0.0071744303221361605
2016-01-13,-0.022088013149400565
2016-01-14,0.014094100588195158
2016-01-15,-0.023870108753195285
2016-01-19,0.0017475143872967003
2016-01-20,-0.015564372908012492
2016-01-21,0.007353422364376971
2016-01-22,0.013274214678018037
2016-01-25,-0.012942490643029325
2016-01-26,0.017753031140010034
2016-01-27,-0.013779137991506984
2016-01-28,0.007850977706363338
2016-01-29,0.02468388899026719
2016-02-01,-0.0010397660171493905
2016-02-02,-0.017972914479133517
2016-02-03,0.01133622722944927
2016-02-04,0.004892058659578424
2016-02-05,-0.01289004157449336
2016-02-08,-0.010979341726260583
2016-02-09,-0.0007905322662690173
2016-02-10,-0.006221889365819244
2016-02-11,-0.01599526582281241
2016-02-12,0.020029150751060598
2016-02-16,0.013933431334399726
2016-02-17,0.015893639196665976
2016-02-18,-0.002455379674790703
2016-02-19,-0.0013062169450178684
2016-02-22,0.013950105948696612
2016-02-23,-0.011364223666638695
2016-02-24,0.0032382920332920673
2016-02-25,0.012878315208219027
2016-02-26,-0.003432796764595736
2016-02-29,-0.007420127248180863
2016-03-01,0.021104961704961678
2016-03-02,0.0020302423585880636
2016-03-03,0.0026379818364647978
2016-03-04,0.003710426673660061
2016-03-07,0.003950174076270185
2016-03-08,-0.00643375464652296
2016-03-09,0.0021374432392509135
2016-03-10,-0.00030755232151158385
2016-03-11,0.012837771081833704
2016-03-14,0.0009190794530780089
2016-03-15,0.0013000307519863696
2016-03-16,0.0043028359230739
2016-03-17,0.00898837348535797
2016-03-18,0.006910772400856358
2016-03-21,0.001225311409290164
2016-03-22,-0.002343344685872717
2016-03-23,-0.004548851427029321
2016-03-24,0.0007507860351043671
2016-03-28,0.0011224253535984108
2016-03-29,0.005572661723315164
2016-03-30,0.004738290797424272
2016-03-31,-0.0017819611396056034
2016-04-01,0.006087625294387777
2016-04-04,-0.0031332986750221004
2016-04-05,-0.007536770592546649
2016-04-06,0.006403933921488747
2016-04-07,-0.009826676496096032
2016-04-08,0.0019952159396272595
2016-04-11,-0.0011691839173403329
2016-04-12,0.009389151775458071
2016-04-13,0.01055395640826684
2016-04-14,0.0010135200426544255
2016-04-15,-0.001615982685052031
2016-04-18,0.0059617004108107885
2016-04-19,0.0027459986720181906
2016-04-20,0.002363512038895399
2016-04-21,-0.006285825926719335
2016-04-22,0.0011806187670198032
2016-04-25,-0.0014724599041866515
2016-04-26,0.0007275922140708158
2016-04-27,0.0028476702552096
2016-04-28,-0.011683640854199817
2016-04-29,-0.003203408079110681
2016-05-02,0.006612016223620509
2016-05-03,-0.007839066803504435
2016-05-04,-0.005613819171931711
2016-05-05,0.0005354348702066858
2016-05-06,0.004525299148631756
2016-05-09,-0.0019571288189080827
2016-05-10,0.012563002832805648
2016-05-11,-0.012116592148560201
2016-05-12,0.0005296616180510139
2016-05-13,-0.010450026805112755
2016-05-16,0.010002132667060515
2016-05-17,-0.01020458190642115
2016-05-18,-0.0001917514968143852
2016-05-19,-0.0052045805000692225
2016-05-20,0.0037589673019498004
2016-05-23,-0.0004576782863571216
2016-05-24,0.012183270821696679
2016-05-25,0.008215214202367482
2016-05-26,-0.0013007695293087984
2016-05-27,0.0025202418329641763
2016-05-31,-0.00481287068759817
2016-06-01,0.0001389032625216391
2016-06-02,0.0027482578527215917
2016-06-03,-0.0017658375517464187
2016-06-06,0.006360937561816993
2016-06-07,0.0010016110138506562
2016-06-08,0.003722291245626952
2016-06-09,-0.0011030960268104684
2016-06-10,-0.006663799678062854
2016-06-13,-0.007436707137246867
2016-06-14,-0.0032516714173181915
2016-06-15,-0.0019604386020263265
2016-06-16,0.005268072843221283
2016-06-17,-0.0032673024630168745
2016-06-20,0.007338485113136395
2016-06-21,0.0013963259072766743
2016-06-22,-0.002742632593353167
2016-06-23,0.012948788032117742
2016-06-24,-0.033885842975139524
2016-06-27,-0.014971182276625972
2016-06-28,0.015722095889881382
2016-06-29,0.016367809967221314
2016-06-30,0.013298375782410998
2016-07-01,0.0010808092912397704
